Address,Is_Real_Fraud,Own_Model,Januus_riskreport
0xD816FB91C7688eCB56A75757AF3631821297bC4b,1,1,1
0xa14429e90bd90e17d2a97c4eac1feefabb88727f,1,1,1
0x35a95d5f0c8f676bb7b2dab47d6368a4ad5cbf8a,1,1,1
0xd537736860c1762a3f8db43b5f58327b1d6edf91,1,0,0
0xf902aa3a62f9e28878129e1a8f1eb71e4fd7a88c,1,0,0
0x89c98cc6d9917b615257e5704e83906402f0f91f,1,1,1
0xfde7bc4f67d926328ad881fec09cabbde2cf866f,1,1,1
0xd99aa567ddbd0adc13d32e95711aacedf383277a,1,1,1
0xf358b296ddac14bb76d364a496376107cf5d2866,1,0,1
0x05e3208b1f05d1ad6feec6245f226645a43451f4,1,1,1
0x54faf0414295cbda1446b6dd35fb2d2934222329,1,1,1
0x12c97578b2abcdc45d28df7a288f27940705278a,1,1,0
0x5b77e6ab2113e7f721e90727de1468d3a20fd9cf,1,1,1
0x920adc9a060cda345fdec2fdebad6ebf38edf83d,1,1,0
0x82d2a8620fdff22a4dc565b8a226f60a1d1e9a24,0,0,0
0x312872ce3bc4074b14af2235858eee22bfdef09d,0,1,0
0x2096185f85ac50aeb99a68bad2a64d320bde08b7,0,0,0
0xc52faa6f6bf841b22c00cd15311086fece240f30,0,0,0
0x85758c0a5527320ab58d1ef69e22680960106cb8,0,0,0
0x711b7328b6ab28124b3b8c8f6b2032b7b1cc0f89,0,0,0
0xca6289e1c347c3e6a0087f76fc42c0a064349628,0,0,0
0xf5df106dabd8fe5c4c56fc7760815963452aff72,1,1,1
0xf2f9a368cef33373ed09641c924a5e2e97f739f6,1,1,0
0x09637e9263d7492230c2e866c5e0def90e67c2ef,1,1,1
0x069a1bc19a1786a8091419bd1893f4687e65b918,1,1,1
0xd1b3f1117928981ef6f42139f575ee34784b016b,1,1,1
0x775ba1603f538f462a287c19efb77b9a616499e5,1,0,0
0xa82e2b7ee7c92d6062db14de092a4838a816b1f0,1,1,1
0x159b0563961a43f509c807a2eb156fa04b82326f,1,1,1
0x05ae6dd50b5a71366fde5eb538a9d41eb3523922,1,1,1
0xdd68910e9fc5b71d4f0f5eceb4ec57742bcc3cd5,1,1,1
0xa2b3357c4849ef9aa0b5624151af581eacaa200e,1,1,0
0xd821dfb705333d2c16e0c0c0be75ce360cca566a,1,1,1
0x8d68835cc23b519f92c9cae8312607ea91e7ebcf,1,1,1
0xba077f3ecda0c74c1dbe15a86e4d1f96ccaadd90,1,1,1
0x91bd14a1de43f49d72503a1def8e7273328cf80a,1,0,1
0xef9427bf15783fb8e6885f9b5f5da1fba66ef931,1,0,1
0xa592f4891ff2d233c93b641af65069ed663295bc,1,1,1
0x4825f7e0a104d76d33917fa4332dc4b4a5028d1a,1,1,1
0x4975fcf75d0f45a745ececee617e8e1e652c008b,1,1,1
0xa79bab8d82baa14884f4be6244d11eed6ac6fd3f,1,0,1
0xd51ea7f699f5eda06b68818764fbdd77264a7cc4,1,1,1
0x027a46b6cd1e80df60f5cf0f22c3f3fb899b2efd,1,1,1
0xc90cebb23c12669fcd7f9d50dd54465546085967,1,1,1
0xc55ca254045a09565a3eed7a0cb32d38b7062e52,1,1,1
0x1ccf09f238a9485de914022d47a99431b7ae9a2d,1,0,1
0x3c2d00254b02ac5654fc725e6cedc77643c0086c,1,0,1
0x5555355055795ba1bf286507b6fe766c0c2c45c5,1,0,1
0xf7f70692001eaf964c9f158a0d9e94c8a12b8eeb,1,0,1
0x105abf29825bcd9dc66998446d502e75257b16f9,1,1,1
0xee565e611d47f28787a3e1561f43450d24378a22,1,1,1
0x80e23a71343df6320824788b0466d05fcd679da4,1,0,1
0xe2415ca9a072c5fca34115f03d2e311fb52cd7e8,1,0,1
0xf0fc2d4d550253d8c165c599e0cccf221c7eb7b5,1,0,1
0x83373a2e5fc62a8598fb2ac2ebec188ff8cd4a9c,1,1,1
0xe886bfcfa373c17dbc07c7b73f1d368339ac5dfd,1,1,1
0xc1dd8ac971129c8c08333924f58ff40a50b8bb9a,1,0,0
0xa6bbad92bc79be531bf1198c1240f2d3d77d2290,1,1,1
0x61cf3335eef3bd86ae617cd2ea248494da8b83ca,1,1,1
0x121bb154e76e252a804bea23f875f1c25bb0a7be,1,1,1
0x29c3adf6f50e2186c21f5ebb1ac073115831286e,1,1,1
0x89cbf1f6799bff1263f0a806a4f585a9d8168cfd,1,0,1
0x159ccffb293a06aafaec1b254a00522a2bc40639,1,1,1
0x769219afb84f7940446a26143e434d04dc435167,1,0,1
0x7cb16e15f66b8dca14385409f44336a9f679632c,1,1,1
0x26a022e559ec404c142ec873f1cde696ac97915b,1,1,1
0xdb53ce480bac3ce96fdb79fae1156f80b6925e05,1,1,1
0xb7f4c2f740186f94ba84d62132d4a6ebb446e8a6,1,0,1
0xd635cb5d0fc7688ab4cde7b71276b6f0cb40f2af,1,1,1
0xb9fc1725a10182f31d44e3559c36300538b233c1,1,1,1
0x89f4d39667aa080502c517b613a6c92786aa14bd,1,1,1
0x81e4b65b9330c5693d38430111d7eb174615bdd6,1,1,1
0x56db1201d1a37c9b3f2f8be600cbca6ac656473b,1,0,1
0x645e1f399a20d9804159716d62dbd37613605bd3,1,1,1
0x80e02ae8c5d5e482558caf32004e7d6281445f28,1,1,1
0xd0b473271e9d38dfd11925d62ef8c0a2cf033a9c,1,1,0
0x1b6b664b91081b34ca8c7cdf22618e6a547d7947,1,1,1
0x345774f20716f672bde3da60ba6d872a320db6c7,1,1,1
0x08d94becca7894a384f41396f435f8ba887a6d71,1,1,1
0x1c50139c266559b29d7cb27635e0da13bef76a09,1,1,1
0x28be673a550c3946b031a6d42aa745f9f6e04280,1,0,1
0x0951f85d60082ae17f11e47bf583e57d25cb0123,1,1,1
0x67f0b6922e533b2a967d7a856a96f9b8f59d8be5,1,1,1
0x0eb1e76f51517c0c04a6994e41c10b3d81794d04,1,0,1
0x0084515449b037205a33d6d3940a5684126aa4b5,1,1,1
0x10e823fe66c152b669e33ddc865c5f7d985db9a9,1,1,1
0x98c29afea6f69b59ad1790ce2e0effc0bd38433f,1,1,1
0x05a6d48421e84a791c040cda72bb4320bde7e2e9,1,1,1
0x3709066f0b665a458bae216996e58e39eaa4329c,1,0,1
0x9afa0a129d164323965f3f5bdf5f348897c0a205,1,0,1
0x40b942240fec55473388cbf7dbcc5482e64b4367,1,1,1
0xbfa78c2bb218a5bd74cb66ab099b9edd7e826d0f,1,1,1
0x0677f5ad9b72aa29f7671cebf86ce3735618c3da,1,0,1
0x0153775362c3071c1860e8dbfd53ccc82fa226f5,1,1,1
0x78d9e3f7780c306fc80d1e74ed617e0c08e795d5,1,1,1
0xa36de942c9f605bd39eec89e5c17704e14dc28eb,1,1,1
0xeb8b629df028f5353649460f1c06bf394de8641f,1,1,0
0x36ac0e8e29ffbaee04d55c262f8cd52d227a1cb0,1,1,1
0x7f2b4801c338a7b3cc322bfaf151afea8708e8e0,1,1,1
0x9e78d3aa219e4255d86a7b71fd10a5f6612c8739,1,1,1
0x5106273e79396be5384792de8f5ac4022923800c,1,1,1
0xa42892745f9e07d9b92cb188a380b252a332823b,1,1,1
0xb54ddf21064610c13d5bef7fcc54eceb9ca5f84e,1,1,1
0xfdb5e3318cacb1a96516d194fd75b62376e95211,1,1,1
0x6350fb4a8bc3cda203cfe00f87ba0f7b3bf61600,1,0,1
0x733e80c0e11611877dec337017e5d4e875a9d352,1,1,1
0xa33de7a7ca4d6bc03c7bf440d26e979916e28e0f,1,0,1
0xa3c67d993bf73aa4f17ec03f900c865a4326cd7f,1,1,1
0x44b7fd8c984d3d66d8eaa6af4a4ba9976f257e49,1,1,1
0xdfcf794a95df54c921a07dcc77788460906b28e8,1,1,1
0xc20953fc42ad0d5eefa3cc36d04c5f343f32f908,1,1,1
0x53efd488038e5f8c4a922a8ad6498fa1cd7db3da,1,0,1
0x4f87a5e57097937489b9b628d1b71997fbf734f0,1,1,0
0x80542b8f6e61668e2f9a1a57a680d356b16df7c7,1,1,0
0xcaf1285c4536a0230f6bfbbb7c31cfca696dd76d,1,1,1
0x46407645325bbe0f4e5705d11281a847905d45e5,1,1,0
0xc6044f23ab90ac63f1dbb1dde45bbd38c59b38dd,1,0,1
0xb020561cdcf6c68b1df1ac5cd3a682c7ee352aeb,1,1,1
0x56d0644c14745db2d2ce0de5c5bef914cedc1aea,1,1,1
0x5e9786a9b58ea82b6319df642b5a7b63d2cc709e,1,1,1
0xc68e14173b82898681251b9a8712b966873cc0a1,1,0,1
0x75b60ba032cf8ee0b4bbd78bfbd7d99caf70a176,1,1,1
0xd5381a253e0f14ca010839dd71502e0b35aed990,1,1,1
0x95a19b0ccb7a1c68aaa60813deec265a08998109,1,0,0
0x93574d7c405717d80520944ee1cb72d327b01df5,1,1,1
0xcba3d3d35827bd1ed88a2506ad86e59667363df9,1,1,1
0x70f36e78224389c462dd0fc7fe1627a2928031c7,1,1,1
0x5526dc369bbe6b9b2c5e64bb368c1d3ccfa58271,1,1,1
0x33afdd86b694d113ec4f8f1d55a284ebabec6081,1,0,1
0x6f931bac260e7fcbaa0244d3b43a2bd9e9acf698,1,0,1
0x20cbe0524157f564a5dca1c18f376e72b4528e64,1,1,1
0x3da248b9f74620c68b3b6655e3b8583b5c07ca01,1,1,1
0x44e5797b8af9d494c51db210d48f7163d4f380b7,1,1,1
0x7da6955457b72fdd0e80709d704520ff85d79e39,1,1,1
0x6c83ac2073c980be7a0c0245548b3a2730ab53f8,1,1,1
0xab8674084c581f549681541ab18187a67ef1aa60,1,1,1
0xd912289c9f079b0655737a55fd5d745501ecefc7,1,1,1
0x385afc7ed3782aac1ee10d19892ea9d345bc0797,1,1,1
0xbec9410b01671bb6521996b141bb95ebff87cb31,1,1,1
0x5ec707525b04e22b2d207faa1912569f79e74e8a,1,1,1
0x6b7c523f0655bd5a18e4cc53b53659cd3def0307,1,1,1
0x446593015e30bacdef625f76bcd84d2d2a0a0461,1,0,1
0x046e3a705d9bcd0e53d2b45161b48e39f4bc4090,1,1,1
0x973cc36eef960389b1dddce82a9f0663af61809b,1,1,1
0xb661a8c0872fac5a4ea5714c1e034e5fd6e40ca4,1,1,0
0x451ba6133b64829398fe074ae649a7998acb16f3,1,1,1
0x557a5c0b3acbf9fe59d5a079aa59c9c7ff481c87,1,1,1
0xb8f8881f561f7a1d8c44d3d38e9d5bd7d88a77df,1,1,1
0x36941838db0d292ff88496bf07495b15d8720552,1,0,1
0x8324676c7cd3a99391d1d69ce3d8a7c2b51c1f59,1,1,1
0x759e0f2f2c7293f83e3b596be4acfa6868b8f817,1,1,1
0xe472c059b469ec0989514086985d64d0f3f2fe63,1,1,1
0x3d849340d298955d62b73126823b4594feb1291d,1,1,1
0xc9ad7665b4c4324b178f9c93305017f0230a8a8a,1,1,0
0x56f0e244ea07e894170731285daf8cf4864e368e,1,1,1
0xecd91d07b1b6b81d24f2a469de8e47e3fe3050fd,1,0,0
0x51d3ce5237b0aacb14ea4ddd1093b10afc69d40a,1,1,1
0x629b2aa7fdda8f7527d6f8ea742c1d5774e567ea,1,1,1
0x604636852e1c0d7d1301d938924f80e4f4955ca9,1,1,0
0xfc38463413b3611c224cfef15493de955672d4aa,1,0,1
0xe355379f585e2f7314855da86e876cfea981f23a,1,1,1
0x7c875ee4d4a1b29b41ebb2678df1f645f28d090b,1,1,1
0x1d153dee0a823e9238b4f2e83758e27be3f1158e,1,1,1
0xe80a6146a6f341c4c0877be9a59fd8279ed4971b,1,0,1
0xcde7411dead6698e1effa8ef64fb0063857e7e7f,1,1,1
0xad93fef882517ac61d266ad60665b50e6d331c83,1,0,1
0x2df0dab68d148c53b9b1666f8dc044680860d2e7,1,0,1
0x446143204482cc0cea4d71fffa9b6d94aa607ad5,1,1,1
0xb2a3fcf38979898e695c88947e3373bf1c2e9b37,1,1,1
0x21e0ddad4277d984dbf238071f6681d625408d10,1,1,0
0xa1b54b8cf7414fa909cf6f0f4514df25138ac975,1,1,1
0x972c4009871c7f0215536ca88277e018c4b41063,1,0,1
0xa3e52a23060ccdfe186822b52bf60a07451e094e,1,1,1
0xe729e16c22128002debd500e98261265d4a8b7e0,1,0,1
0xabcf11ac565699246469da805af47975b883d792,1,1,1
0xe34f004bdef6f069b92dc299587d6c8a731072da,1,1,1
0x2f4d7ecf5d7ff547e0aa20e7d98958c044cbfd8f,1,0,0
0x8a8869a8b53573294b0e03820253607d5528679d,1,1,1
0x1161acf9a61b8cd951f5364e897c586883a1fe76,1,1,1
0x50bcbc6ddf33ad3e03602aa03cf93d4a32d65ac1,1,1,1
0x87320719f0f02912096e3d19fc05da8110c9c424,1,1,1
0x9b95e694a3d010b187d4970e1a7ed95a973243ea,1,0,1
0x58d1cdc08fdb8f80582f9bf9bfaae456e96385ae,1,1,1
0x2f09dfc52c61cf17cc9bafd5d8e57eb8d41804be,1,1,1
0x3553c762797202d4eb9648052d012d7cfea16b75,1,1,1
0x6abca33faeb7deb1e61220e31054f8d6edacbc81,1,0,1
0xb961f2a5eed42fc1607f4fb795ef6d36d341cd56,1,0,1
0x1a3f591bd2a270dd5e8e77235f842a918bceb4d2,1,1,1
0x523ab8a576f3ceb0982913e651ca56495d54ee45,1,1,1
0xbb1d293ac46180c7fe9eddd43c12e3e44d659e1d,1,1,0
0xc3f4763bf48da4eb33a0da0f21399449af2b53b2,1,1,0
0x4d517d272ce8d879d8891518e70153b49d2cdb96,1,0,0
0x0dadcefc4f08007d1e51a25cd448ef86120db9b4,1,0,0
0x942b426b39f201965fafe3b3b60707cfbd237fa2,1,1,0
0x2e64d7d37133e505ea50e813400be7d105acf4ad,1,1,0
0xc6df8e498facad626a82b7af3c9f5f9301e79fd6,1,1,0
0xbafa4087b5dbb5cb9b40180bb7dd6a053e29e137,1,1,0
0xcc71ee0f039f07adb1cf2484f4663cb6bf9e2689,1,1,0
0xbdd5645986f492954465b5e407f7528c0cf88ffa,1,0,0
0x0d3c6f157fc40ede8fc2e80a2d03b961853cc243,1,1,0
0xf850380c7e9a11e5a1ee65a4c24947de2286524f,1,1,0
0x4423b4d5174dd6fca701c053bf48faeaaaee59f0,1,1,0
0xe7853dd873bf57b6aa9d5251b16f8b9d68c4ba76,1,1,0
0xad88ce52945787c6435a867430bc1cb22427a4f0,1,1,0
0x03b7882e55871ffb6300bd2511a52685d689bec3,1,1,0
0xce0aa8921ef80242f03ae1824e31ccf912ba1eb1,1,1,0
0x7fa0c4ed46bfb7aef3d8cf90a0c0caac925d2914,1,1,0
0xbe2cd7e5a3fbc9855bf501a608d0fd5791293119,1,0,0
0x4ee43484796aebee01ee8e39d3a4cccbbbac136b,1,1,0
0xa8b3c9c2a45d68eb435b5f3ef6712fa50cdbd996,1,0,0
0xbc75274d1713e07df13b777c1d9067e7eb3dd885,1,1,0
0x32ea6b24675349edb6df2896457819289aad180e,1,1,0
0x9d032989f82c0e40202ae5abd844ff68181544d2,1,1,0
0x4a64e4b4b6bc57f09bba0080ae368efaf8c68fa9,1,1,0
0x9138692bb23767381e1b377d559ac668f990aba1,1,0,0
0x88888f6e4a031442831d91ae66c9ccec78e81c28,1,1,0
0xaa2498d85ba7559006f90110a4bc33c10a06c1af,1,1,0
0x4eb1d2050017cf862939340c017a31aa2d59d8d8,1,1,0
0xf591bbf70178bcaa80d306ab65755ab7038962cd,1,1,0
0x864875aef79b107221bee89c8ff393bd2b666d96,1,0,0
0x820c415a17bf165a174e6b55232d956202d9470f,1,1,0
0x09c7206a4365937f1d79e841ab258017ead1a3e9,1,1,0
0xdc5b0e523d613f7188312efa1951f02f749d4394,1,1,0
0x7b981d07b83413c508337cea8f4c5067be9de229,1,1,0
0x0d4ef858c7f4e60021b42124160f2426e1597dc3,1,1,0
0xb3eefe335f6b60f9edcc709029673d4c69d64c35,1,0,0
0xf581747e55f006cdb5bdbb9e316eb0efcc725be5,1,1,0
0xe24e8a8ad9872ab68db57de4a63800a87cc5279b,1,0,0
0xb657363ff37003b9681f26977e01651c2ea6acdd,1,0,0
0x059483a622b625546dc8d2de7bac0e9e4fbab27a,1,1,0
0x0fa23b1b4dd646a3a55fb5e4c5eeab24d42edab0,1,0,0
0x7bc060459dd2730d912b654ec98cacdee2b6927d,1,1,0
0x67542f6e4ea651f4c72ab24abf2eb9c2c202fce1,1,1,0
0x8d71b3fc635c75fe61fd56a9a54d46d1b2163f1d,1,1,0
0xf6d72609ce9457aed4f6099b4aee25ad16bbefa1,1,1,0
0x23886b2a4e1edc3e558e2411cd16055e006b7a11,1,1,0
0xe6693620c549d35c52496a1cb0105f2712baf771,1,1,0
0x900751ba196fb70f5e5c1da7d9ca07c1ec9dd67a,1,1,0
0xe90a3c163abcb8296080f06b9a9122499d6689d5,1,0,0
0x46ca7dcbb5748e4e804d6d9e9a14cf4948a81a13,1,1,0
0xbc83d48dd0cd9c3f47bab6436defeb334b563f4c,1,0,0
0xa6d1fcaba6a2cf4c38c6d9bd494d3c29da104158,1,1,0
0x4a12eeb35bd5187be2d26e0fe8b906abd88b6897,1,1,0
0x6429f18602cfbe936a75d4bb707cdc15f33bb3fa,1,1,0
0xc86619343080fa921baaff201c91dbbe8ceffa9e,1,1,0
0x47d6287a9fc4a1f69c0b20dcc29928ebb44349c6,1,1,0
0x2b4d85023bc9a92f74ec24008802d64c0bb7c779,1,1,0
0x821efcb121b9c646dc8d5fb61e9c8ee9c30ba9e4,1,1,0
0x96a76213683e97de57e4f21947e40fbe74de31a1,1,1,1
0x3e20911ba5fd152cfc55ddd18cda065302fbc516,1,1,1
0x7598d3e6e95f0ab85ac74f041dc92a1187b8184e,1,0,0
0x3095e50d8b6ecd80edc83943a19e00bf596e525f,1,1,1
0xa9af852c5dd4a26c0a0220eca66fc66146856385,1,1,0
0x88983632e6e8b4232a08ef53db218510124c2048,1,1,1
0x49426cc3b12dc8d6efc48e663ea28f58c4c726e1,1,0,1
0x76918c2c32931197de368e90213b89fa12a56a15,1,1,1
0x2914c01d6589b3b52a065a9d9cda539ca765a311,1,1,1
0xc5ae4f0989a03387678f1166d14b888c2b79dfb3,1,1,1
0x3e02b1414e5a7f0fb9dca4d6d61e352c5ef1eac4,1,0,1
0x2a92281e377931cb359349c67f8fe4a7ad10f9b7,1,1,1
0x029c42a07652d436533e3cb9b9c69fa188e91981,1,1,1
0x72736a91f746b8e0c446b32948bb7cd8c2f8c54a,1,1,1
0x6353940eabe11c7cd78ecc2085ae65cdacc5a92b,1,1,1
0xe858c157deb9912ef7eed94424be3e058bdca529,1,0,1
0x67470e92a9a5b61b80c43a0dc160eec08fabf1b1,1,1,1
0x1e0fe8686850afa01992f5d5611d2d908611933e,1,1,0
0x60322fafa022caebeecd0e037bd6b163dac3d485,1,1,1
0xf8c8405e85cfe42551defeb2a4548a33bb3df840,1,1,1
0x3a76960a40c255911709801e53d979fa495c7a4b,1,1,1
0x30842a003781ad62e51c2ca18a61a3c7ce018db2,1,1,1
0x8f950b4e6edacb14dd3c3258943acd7a922d9f47,1,1,1
0x59c26da37e1a97eeccc9fe9ae35e3fc2df6fb582,1,0,1
0xb9ffc64f0c0de762fe3c4ae3ebbd446ac3beb989,1,1,1
0xdca94e26f460d59b2526f73d72a9e5be06e4ecbd,1,0,1
0x9eb041af96d44583110565abec79aedf22eb60b5,1,1,1
0x2d301d74a8d303da6408cc2dfda319bbeb48c125,1,1,1
0x4c8535c942a18c15d2e3837eeeb30958a16b8a48,1,1,1
0xb5cd83d28f818284295a20b09b6abe8a631c6ac4,1,1,1
0x47d9da6e6270de282a673a7536d9313e46e74576,1,1,1
0x16de1e3d416cf107cad0e53a35a1023145aa2bf0,1,0,0
0xccf711e5634d4fb86a8226fa5eb1093fd82bedda,1,1,1
0x67b9faf9b5519f8359d717a51fb4b8f5d3c37064,1,0,1
0xa8a5ed19480307ee8baae86a1ef5c97efc1d3d69,1,1,1
0x65a0070df20d97d17941b71880a708dd9aa34290,1,1,0
0x17de5284cc7e748e28e2ac43d901bae143224695,1,1,1
0x4e534c5bd589f74cae608948722a3828e138ee17,1,1,1
0x5f38dcbc5a2dbe1e040a60153750feb7e1cfa570,1,1,1
0x611f32d256597ee12c2ec2870da6db0b461e6f55,1,1,1
0x8408263f4f0691db34bd7666b5af61e19cb91b91,1,1,1
0x81872c6ac10e9b039ab33956d6396c25493e46d9,1,0,1
0x8ddfdf60aaffe05c623ba193a186abd1f8024946,1,0,1
0xeb1a5261523e41c959fb891a4fee1ceefb17a613,1,1,1
0x7cbc4e0d168744912c5afc081499145bbdc51e69,1,1,1
0xa6bc2675ce4677205f376416087269085152567e,1,1,1
0xbe8f667e2578d2d3125801696c4dd19f2635c327,1,1,1
0xbd0a11654d863d95bf5f4396f6d6a1f5fb1698ca,1,1,1
0x59f698abe43d2a9eccb2e93e4083c35e8bb34363,1,1,1
0x28f45192fd495bd9cbb312a6080d086d14481ebc,1,1,1
0x48aec48f0ad800ac70614f81a98eb45902931401,1,1,1
0xcda94feb23fbf1c4ca73b45de92e1a4cc2bd40ab,1,0,1
0x9aee620a4d7df8e0056fb2896528d0c63819390f,1,1,1
0x15b4e32d5026a5a9ad3b68becadceb00b4eb9729,1,1,1
0xbba0e6d7447dda09ca40e95e696c6fbce8a8115b,1,0,1
0x58b62d0e9cf118c6eebe4ce7e9680a8ec533c094,1,1,1
0x3720bfe8fb7d9d05075bd03607818ce00cfd303b,1,1,1
0x46ba8394210eb32e50943bc963e300ed8b804d30,1,1,1
0xa4f0294dd195f97ebdd166cc2f71a3af21d22fac,1,1,1
0x250486b8f0264b1fe65aa5d7e05986723e492e0d,1,1,1
0x6cd0137840e96466bb7caff7073569cfba619dd5,1,1,1
0x98d67bc5ba8e43721972204e5e1e4eaef43cadb1,1,0,1
0x08ee24459192498b9fd1aee99a2b6b8bf36aed74,1,1,1
0x0667fc9067d13554094d6015cf78905d44514b4e,1,1,1
0xcde79393c6f0deb9b7b51579a386c853feb8e104,1,1,1
0x18ec1d727320cbed7c0c63cd655ade997b292c5e,1,1,1
0x72c5178b5b75eb8da5bce85698296e50a297f59a,1,1,1
0x606188614094946e0fcd05a0c94d51ff586fb01b,1,1,1
0xeb9aaa5160d671ff5e9e4c918f8ab0139762f101,1,1,1
0xf2ecf8794a20e88b37c5de7512fbf79c886403e8,1,1,1
0xa196a0d86e50f901e19c74ffc994a029a233d211,1,1,1
0xb8a36e99de680c2e7cbcd1f56af056365fafb38c,1,0,1
0xf0e28a5485abe4ac9ea2fd7259f2f3f1366f950e,1,1,1
0x71b7767a9464ea1ad82db434f06d9330d34a9fe5,1,1,1
0x777c112507e16b8f4dde3ec67f4012b4dd6fe59e,1,0,1
0x6d08f8573e742db3eb88d8c545971e4dc9668528,1,1,1
0xe52f0887a8b351a204c1a36c4278a5699b137b95,1,1,1
0x0d45cf809d00d0551c321b71fd221ef67468f223,1,1,1
0x95b5c8eba4852fcf62decb4a158f727cd78297bd,1,1,1
0xdb0589a57332e0242fe2fa63b071c7a04ac2609d,1,1,1
0x6668bd45b15e2775f03e738ef6257637a9745287,1,1,1
0x67c67b5a3c4009cf849f86be37e79db3923f1055,1,0,0
0xfe9b7db8d9d57e9ad9341bcf51b110ba5d27b48b,1,1,1
0x4db49fffe23b858325956f68d6c5660a175119ef,1,1,1
0xf88dcf6b7f3f48d2f94dfa82b9e79f8d083feb07,1,1,1
0x48bd2b7b486a5c6f9560510bc0f7c915509ef7f7,1,1,1
0x57a72ce4fd69ebedefc1a938b690fbf11a7dff80,1,1,1
0x53a0fd5e4d4e9fb633f40bb1b0856fed1e9fea3b,1,0,1
0xa605881cce40af50afe4400626d76dc2a324f387,1,0,1
0xcaed34acc1da8ce456a1e217d687bfdcb910b35b,1,1,1
0xf276c0ad29363689792702986667d562a3cb7c04,1,1,1
0x839f0763187b9fcbf60cd4d332413b77a7ae2ef9,1,0,1
0x8b170540b63d2f826846f3c0b9e6410b08548ec3,1,0,1
0x3ec70d924d6116b5569bb4d2cf95f1e0abbd2463,1,1,1
0xf94b8e0ceba6dcd1b888fe02141dd9d0b8e67715,1,1,1
0x4bde78ead56a30055d33bf84f52e420b0f6070ba,1,0,1
0x20cdc932cd9394ef0ac1a89f890456e5fc6f16f0,1,1,1
0x35ac10fa8e4b2af244118dcdedd986fda2609970,1,1,1
0xc0710a40661b7d868d4cd98287d51913891dfa0a,1,1,1
0xda314d80d6440254bafdf555d917193f769d46bd,1,1,1
0xcf7b33aac3872fcf6f1696624d04308aa9b6520c,1,1,1
0x794cd1329493dc9c6ceb0ec9955890d392c811da,1,1,1
0x034963994aa22d86f7acb42252b6de7488adb0ea,1,1,1
0x28645844df0fdfc8e17d5fc01b9cbd09c4d9dba3,1,1,1
0x2b164ae662a0ab1832c87cb4a226efec56219fb6,1,1,1
0x39e8554bc14b4709827b117eba728e6fc0f4121e,1,0,0
0x1b65f0d8b79de7978f32c5460dad003306dbacc0,1,0,1
0x629e7da20197a5429d30da36e77d06cdf796b71a,1,0,1
0xa28db26447053aaa3259500115dab1dfb32fbdbb,1,1,1
0x34245ca43ccb96873acfa20703ae02f73bc89671,1,1,1
0xb51734e8a270c2e7b31c6dd692bbe480353a985b,1,1,1
0xa324120643dde9d520a06691010f086b12d5ca02,1,1,1
0x20f2ce82c28b726930a9b476503df7b814335642,1,0,1
0x4e825a51b6752d7410690a1dd5d7d9c4037977e0,1,1,1
0xb7035ca7ae2951b24ae107b6931ebef9f0f1e43d,1,1,1
0xe4e335228e1538cd36577175c27d3fd70496f1be,1,1,1
0xfdc328f3f978f65bb9038ad2d6b8079bf1da66f9,1,0,1
0xf39927f58a9cdb1d0130118f603cd3c9c4c48435,1,1,0
0x1890d4a49faf31088e5ede045e3a985c82b21f11,1,1,1
0x1b1b391d1026a4e3fb7f082ede068b25358a61f2,1,0,0
0x4c8093c75fc778008d96f865f770233d6acf724e,1,1,1
0x1ed427535098ed38b5e65d1d8852b63b3ea259cc,1,1,1
0x4fab53d922e393d8c2e49ceecc685abef3fa505c,1,0,1
0x14bb6d69ab7fb011538be47efa115c8ff7853d0b,1,0,1
0xe5b913f91f2b90c5cd04d711e1eb3214c56dba98,1,0,1
0x1bd0932c7bb0835aa33c5e9e95c94e81b95682d5,1,1,1
0x80ad4d5b71ccb0c2417337bfcaead6521255f24f,1,1,1
0x7f55b3b6774b9573ae2c36ea790118ceba6c057f,1,1,0
0x717b0f2016f396046e1403ddb8a338d3a65a649e,1,1,1
0x03e115d99f005f9df8accec3f3d07f54b593ee96,1,1,1
0x5cf8c62d08e1c8ada80285c9cc92a2967966bc13,1,1,1
0x7b4be6665504b8e45326ba8c609df3fbc799f0cb,1,1,1
0xf021428381172ef96988b31f241f4000259488f7,1,1,1
0xf4710562c804087af20b7396ce7cba38b43fb61f,1,1,0
0x4d76d8dd2a86760520255e99c05a5080fc8d33cc,1,1,1
0x0297a3211d69a1a268591e1ff6f570699ccc50ca,1,1,0
0x35919ff0a88a0bdfd1b0ef3be574bcf6c1e90e01,1,0,1
0x2cf2a579845b351d0e2fa82476b7212f224eb768,1,1,1
0x443da1851b4bc78e722627a654d58839dd61caf1,1,0,1
0x3c4385ea6b6105967a68e8202f6818cab642004c,1,1,1
0x8e1ed10102787d73c0e0c6a75cd27217cd6ffa56,1,1,1
0xfc8b9308573bafd259da031628e5f5324bc37a19,1,1,1
0xd1154cd414a1274bf5c2d647bf1c55e9a66e04d8,1,1,1
0x5c55485c9b11c7d5dcb5180056faf0b780724127,1,1,1
0x21918461c6aeca5eaec825b4746d64a0d4028df6,1,1,1
0xf950000a614e53d35505a40764e7ebc100fcf0df,1,1,1
0x7ec9f63851341f16af6dfe59018c5fe02749c079,1,0,1
0x91043168cf5c256df824038f1b7200eb7a5ab90c,1,1,1
0xf6bd9b0394a153cfaff3d5bd26e8cf4e163773be,1,1,1
0xca5a2ab1da51f2ccab2324d4ce74265f05d602a2,1,1,1
0x77a016135c309690241ef491057a5fb0851e4fa7,1,1,1
0x25f8b4acd2c37d7ebae0066fdf9f13f327c0c4eb,1,1,1
0x77849c0b55e6b65336c913b850fd5d92b42f68ce,1,1,1
0x5de81caefee2f158964a65f0e19bd5e5ee94602a,1,1,1
0xa7b8edb0583b478e2b7c431feb4bc6629a6cd1e5,1,0,1
0xa9072b454364d1e767f8cc006eb53ff59bc95587,1,1,1
0xb49fdbf1b1d2e2cb67bd8b8357f3e70c526d741d,1,1,1
0x603ab01878daea6fa97bc7a02a6a4e6d6f52205c,1,1,1
0xd4637c5588242836c28d4bc2be560b07a49222c3,1,1,1
0x7a19733fb69dbc075e335b6dcc40d254340f7ee7,1,1,1
0xdb244ff60171e45575b42e854edec34a1e8b6c8f,1,0,1
0x31a732f783baff201d7a1bf530e3411636e6df2d,1,1,1
0x6cf481c7090d88ca6f1fa3c9ffd0911ef5359808,1,1,1
0xb84eb163a8e00d459098e821f3f7acd29f208551,1,1,1
0x27210b23018bceffdf2762359ebb337e429ec000,1,1,1
0xee0f21d805525ce3f5edd354c3af9a1087d7f702,1,1,1
0x5123bc9d86e99ea6b6c67c7ba66507f5b4356d7c,1,0,1
0x91e92019251fb184030caa874b45926c39dd900c,1,1,1
0x432da47e9fd49066f001cdeafcb767df43074e22,1,1,1
0x37a8c55f6860e19f353686f5dd9c603adb8448b6,1,1,1
0x8da5194a90dd00c20b37634832a44cb4ad5e28ec,1,0,1
0xe24272c36a961e80b5e143b5a6bb1d5f9086f1c1,1,1,1
0x0b88a083dc7b8ac2a84eba02e4acb2e5f2d3063c,1,0,0
0x942025fe4662ad0fd2801c094a5217a16b05cd28,1,1,1
0x80b750e36eca41f0d5b96aefa875de133725044e,1,1,1
0x0c2ad204fc4488129d7ec333aa88b0034d852fb9,1,1,1
0xf9fe85e19bd533c69067c6e2ff02727d40a54100,1,1,1
0xdaf0204d6a701bce78de63d4fdc9f76695a01b1e,1,1,1
0x7fa0ecbd6a4531e431b24814da71b9a483f85ff4,1,1,1
0x5785b038682703ae566b564fff813ba1d4103fbf,1,1,1
0x2cdf611af8cf6c6a79105dae3b4565af906ff9ca,1,1,1
0x43addb2a61e752aa50b9cc54ecd9c255b903276e,1,0,0
0x45b3ccc6c02bc2c79b1663fa7fd1a28663684eca,1,1,1
0xf61d36a410f347c9fd14c7f0f169d04223e187fb,1,1,1
0x1dde1c4ad966ca4930ad47537e473c48ea5182ac,1,1,1
0x3841eb6910fb442f82aaf50eba5da9b275619ee0,1,1,1
0x0a104b095bc84815b27d93b232c6863759b79043,1,1,1
0x6f38419a097299a5ea8596314bedaa0aa8f8d8c6,1,0,1
0xecb8d2e87573d5a0ab2662591121b4de29294070,1,1,1
0x63ebbfc7530b49d8856bf14cbe78da584e8d0b2a,1,1,1
0xef67efc45ab3a26fcff76c7884603d212c39b75a,1,1,1
0x2a3f72f7f5b7d57f6728fcbd093a215d4afb8235,1,1,1
0xa8a6497978c264d7ce268d826a834c1d7134d914,1,1,1
0x2f93947429c9a9c740c3aae495707dd902b3382e,1,1,0
0x15c4659060bf1ab40455005b385f0e84cc9cae00,1,1,1
0xac3800002e45ed2e1a55dedfa2aca137f6dba61e,1,1,1
0x12c22befc4e0c7e00c2c6618a05e93b737ad2df0,1,1,1
0x87c348573f02768a97afb57aac3bb6877a353ae9,1,1,1
0xa3d120c2a03a58489f65d24880ff6b43d7a63235,1,1,1
0x7cda0cda0bead3fd3395faa845badbc8e0d5654b,1,1,1
0xe79392c79832287f9a07d0af9fa87fd150014e18,1,1,1
0x3c3b85b2ae785a8cc16c3d4df12cb27c6983dff5,1,1,1
0x0815461a9601682d901f087643a2a3a76588700e,1,1,1
0x6896cf29fffc1736192fa41b4adfee42f7663db5,1,1,0
0x52beed3924b0824411d03ea2fe51e429717dcf10,1,1,1
0xb5624bee455817d8707aab3d9228a23319adfb15,1,1,1
0x679a8cf6e181ebbcd9d14d0bd9595d8cfb79ecdf,1,1,1
0x23e34bbccb320951d8d5db864cce0ba9452ae663,1,1,1
0x6485e2e2a62b8b1c9c88476ec8bb2a03a2b70e3c,1,1,1
0x2fd42f6c0898e7249cb3e2c04db896af44390396,1,1,1
0x4686869e7b3c5fbdd35e399c2fc3e652647c2771,1,1,1
0xcaedcba7e864532aa1745ca7af5923d17029ad52,1,0,1
0xe3b4233ea0ff16ac7d62064d13e7afaa51381590,1,0,1
0x75b393208842a6ce0794a18f79d0e7c8805a3bbb,1,1,1
0xf02597c349e847c8cf1aae765a5cad66c7ed36bc,1,0,1
0x3ad072778446db654dee3ff5f80ac1e5ac12dd56,1,0,1
0xa87fb85a93ca072cd4e5f0d4f178bc831df8a00b,1,1,0
0x1a9a77dcb35c15f4c98c2407f84997b514d782c3,1,0,1
0xf49c37176d79865a38d94fcc7ae2e148c6f2bc87,1,1,1
0x0020731604c882cf7bf8c444be97d17b19ea4316,1,1,1
0x7c6fe23375e80bf7f54dbd4c3fbe19bb0390c3bd,1,0,1
0xfc3ca96a93ad02e6c58729b73df31dda741d319a,1,0,1
0x59cbd436237318f7cb9c92ddb060b1a023598363,1,1,1
0xdef3fbafb3dbe9c1af3ecda4b86a6cf87f494ff0,1,1,1
0x89e7be2161fe6a06e4055ce2c6c82910ee7bb4d8,1,1,1
0x2a875ef76dc772078b1a42da705deec99341b5ef,1,0,0
0x64d2d15a9f18dec738ef0a5f947a6e4b648e082b,1,1,1
0x02d0b53ec925f5c5907eb3dd85bededaa4362564,1,1,1
0xa2e5ac16f76f7a151cf38e65469983e4abbefb9c,1,1,1
0xf23f9dda63ed0628609272dc0544c7a2f7189f51,1,1,1
0x6b92ab6d455d06b022bf5003922cdd8b07172586,1,0,1
0x84d3656163005ecdec0339b502068fc8e520feb1,1,1,0
0x497e4c58a4106fee817e3bece3c5c029e964eb49,1,1,1
0x4902c6f5fa1a80a2a85baffeb65ee77e3144c6da,1,1,1
0x116de5e3fb1e46b7cd2b629443d58a808335ad3c,1,1,1
0x0d9786138578fcdcce04435592545ef08422d755,1,1,1
0xfacb2bc89209cc498b01484a265e2481f4b960aa,1,0,1
0xa1a36a8df41b03f0e0a77832c23361af0bef2f17,1,1,1
0xf62960f4b886ff538eccd07ad2d3bfa69df956bc,1,1,0
0x997ad34840281d459251abdf9c90d9a8c6a6e01a,1,1,1
0xc57597f5fc469386ab8c53740b5cf6c4a78e8eec,1,1,1
0x011da0ab16577cbb73374a5b9b869d66253150e7,1,1,1
0xae34b154ada796cfebe8a60d265d266ef809fb05,1,1,1
0xc5404f0043cced5ebf1f0af90259428349cd6961,1,0,1
0xd362c189cb0056159d2fe22bd8203e26579f620d,1,1,1
0x8bda591ac93925f485cd420a47a48eba87985ea0,1,1,1
0x643ebb288b3f5a10530ecb38e857f1f0c64383bc,1,1,1
0x51c43b800f1509263049f85946ce6d77f9301f67,1,1,1
0x48c94305bddfd80c6f4076963866d968cac27d79,1,0,0
0x76f6671887cf6056344d999e0f326a80a4548710,1,1,1
0x690c3d88b6af25f6186845571ac35d4d8595f4a1,1,1,1
0xa11bde49514da9215b0b26ce5f0e65c45c8632cb,1,1,1
0x0341552cabe750ae3a593de78a50bff0570efdea,1,1,1
0x86da32e89924170cdfc8b11a6191b22ccb65a658,1,0,1
0xabc343e36b8d4a63459e1ce99acd94ec6ef6c4c3,1,1,1
0x56cfd73d7273f79f76bccc1f4bdea1a4fab944a3,1,1,1
0xccb41e2d069559ce542ce3eb825c8eba372a6468,1,0,1
0xa8a0b692b3e4b7aee3fcbec9589326d4bbdf5c7f,1,1,1
0x76bf9c57d5976106acf850f5aac997292898c918,1,1,1
0xdbbc7e7098f69ff271c7d12b75b53c099d3c883d,1,1,1
0x891baff569597297a9f97bf8b19bcab63275f518,1,1,1
0x1006c7a96dac6d910791f24caf536897f93d74a6,1,1,1
0x5240a75adee83d0f6c45693d897788ed694884e5,1,0,1
0xedc0c49946b93aa296a11298480ae7913bb65222,1,1,1
0x9491cf3d7d48dae2eaa72d818e5d99ceaa083105,1,1,1
0x700cee07ac5ef32bc2af762b10f5d85b97a55261,1,1,1
0xb48bb047b9716a306a6bd3adef52f912778b3c9f,1,1,1
0x547835880fc39ed1943eda616db8ab35b267e8b7,1,1,0
0x9b521529d04329c2b0a9f9b7db18ed775c6ca8fc,1,1,1
0x0324d6ca206dd4a807ac9fec93589fdd9e614cdf,1,0,1
0xf1a4b668d15f0e66543e9f1f795cc2b0f97e3ef2,1,1,1
0xd56df468acb9c85953fc1a53ae6133bedbc53165,1,1,1
0x827eb1d207770d8c651a8d151e2ff35440f74fb1,1,0,1
0xb8ccb922892ffcec068d61a083f8aeab053a9adc,1,0,1
0x5d445ce69ff9d8096d57444906c193f0ee577bf2,1,1,1
0xbc492382aa0586f08cdb2e0ba88c1048f1e7b44e,1,1,1
0x3a5f12bfaf71190eb0997078ffb4fe767c5cc299,1,0,1
0x3258674d5eb5cfca42c18585b95fff50e098ebd4,1,1,0
0x2b41d7589b56be80859d3f89e5dc95eef3209f7a,1,1,1
0x3bf351a62df57dce8512b136daa4cd6ebe2dda91,1,1,1
0x9ba3833fb2d7a37a4dcf2f58c3f43ed7e397a45a,1,1,1
0x5b0a511548dd2a7479af9d521fc70a05c3015e37,1,1,1
0x0ef2724a6d8be9f72f3d35b62e1e8a37ceaf721e,1,1,1
0x06eaf8e306194b117164b25ae42bcb4d996ee83b,1,1,1
0xdc6e8fb22f99b2076d4c2827794705fd348178f7,1,1,1
0x0d674da80c37b4bbf2e9080aa6980defb78dfa2c,1,1,1
0x69428858906050e78dbed8e65083d47139766b3f,1,1,1
0x8727df1be276966a408f63089b6d9dbeea66de09,1,1,1
0x7f642b25a930f732f4214f69df0d0d2f647bcc63,1,1,1
0xfea4384f85fe123f87f393946118e3828187c28a,1,1,1
0x9d4b62503b4b7993182323effe6245f6d77e4413,1,1,1
0xec4a36becffe26754a7158f2017285e8f2ba4543,1,1,1
0x633b2b8699d03f94e5b939babe2c71e7617c7055,1,1,1
0xf01d89110275b8d93e27cbcc9aabcce74126195b,1,1,1
0xab7ec7596fc05bc55afc07008cc06c1193ed6f9a,1,0,1
0xe2972f7b92e32162e8dd4c30b0516baa2a24c3c9,1,1,1
0x8debecd53ecd2dbbd16a8252f99573d4843b6c49,1,1,1
0x78ece8d4628cc1072755185027ad854331ac8771,1,0,1
0x95329718d5c2468c85fb8aea0c5a0f52c0c78acf,1,1,1
0xfba4f48ab4a394ff38af368b7c2b37547a41e1b0,1,0,1
0x69c9c6873eb48e0925ba6182f22d8d3cba6407fb,1,0,0
0x9961fd00110a4a968ee9f1daeb8f4a87b61f29ce,1,1,1
0x1e711a766cd4ec07c590eef54a112190b4826b4e,1,1,1
0x0dcfe28d5ff99290dad01b592bd46e1de8c5bbf0,1,1,1
0x4a86ad231b145699cd86df12e03af41cfff89298,1,1,0
0xe551df41b0ab43ba14a4fdd21c0d7431d07dbabc,1,1,1
0x6d6883ddf4d7e209119faa8042dd311997516134,1,1,0
0x36674c2c778f2820170595bdc69aa5ff6d0ba104,1,0,1
0x2d8028f663512edd7adbb6bb4d2ff63d36a01656,1,1,1
0xaba9897c9422b1c30733169d3da7ff83d7f23044,1,1,1
0xb80db67828f44318aacb796c686d30d9d3f81e75,1,1,1
0x5de91c0f2826163798adfbab70e06167d4427a9d,1,1,1
0xe09068325aa3bde8bd3a85deae69705ffc6502b4,1,0,1
0xb9899e3c468107941837551717af13567c94eef9,1,0,1
0xd57efd4bbdf2eda99e52cba8f0baa6c10a7a1255,1,0,1
0x95891b2de31be33f613928f0e6b32c679072bfa9,1,1,0
0xcfb10450bb6e7f77b856bf6df74ea56dd92304ad,1,1,1
0xfac4088bba1fa090fd3f1f52fd691a45c30ac053,1,1,0
0xaf8185ffff6a3508fc5498a5165bf64de0b0a1e5,1,1,1
0xcf060f72ea615dc395f08d6205d3540a7142c712,1,1,1
0xba8a5cf96d605b630025e3e2c8bd177391e32122,1,1,1
0x23770db05610d3939412cb7cfef12ca16e368549,1,1,1
0x4307e7d64a0f936bb719dda5ca177f493f846228,1,1,1
0xaff0c90e333d22569513fd50a8860c8f5920571a,1,1,1
0x56f905ce852acbf644c79f732671f62c0fc2e519,1,1,1
0xa8c01a36546fb8f62c34946a57c2dd0950285228,1,1,1
0xbca804d30e8602f3ca47f8c8b3a44f8e03fe1594,1,1,1
0xf39f8505c37080998a58bc9bdd946b81d4949004,1,1,1
0x613114d86a7cf2fbee00d1bf9d747052ca06763e,1,0,1
0x701cb175e6ca0ee8dcb61b4598b5a08e2a60bc2a,1,1,1
0x6b7f1ed0a4b6c8ecbabc02f5456bbf48ca61c777,1,1,1
0x4e98d778f28a33ee5cae9c979408648ce6b5af70,1,1,1
0x3784d3526be7cf85b33203ed3cbc7ad0414b2d5b,1,0,1
0x8580e674cf0a7659c07b0958c030171cc2d2258c,1,1,1
0x9441a81fb67f44ce7b31c311317e136e7067f8ca,1,1,0
0x48885fafc90378b865dea8deb8aa7c6018656a03,1,1,0
0x6dc5f61513230b1f652a4a304511075537b08f63,1,1,1
0x24aa18952e80707dad3ab4c9c97e787f2af337ca,1,1,1
0x3d9d797b15dfe68d5010fe9c9e8a1aab1f040932,1,1,1
0xfb1a7ccf5bcd436dcc0acb49ba1fb9f57bb4d064,1,1,1
0x2b3f15a55a68c4c81ae8331c2fe8e90008993f51,1,1,1
0x7bed530a0c85562ceff547df75cd4cf70a5a5eba,1,1,1
0x681a36b6f411d10d78fe8446118a4ddae489e8b1,1,1,1
0xfba9f5637e94a6518d530b4abc4ef4f08408ee1b,1,1,1
0x6015b087776cb91d438be1473c6a5e5853b77046,1,1,1
0x8311959a608b0a4a55df256fd7d123d89207d925,1,1,0
0xf5682715e9226a639df24c569eaf688317a671d9,1,1,1
0xc81d4e0bfcc8d459a4b9c224d7eda70c118eef60,1,1,1
0x896e2dbe60cf92b7209a1a57b1423f31c0a7f84e,1,1,1
0x41467711f2d1f6021119ffb113ae0e78251b45fa,1,0,1
0x40a4b06c92b2489ecdf765b51c4350d56984d9ad,1,1,1
0xc3aa34a8b288ac4e58a2fd3ed93bcaac0cd90422,1,0,1
0x423e48678721f66af6de9cd46acd318ca52585c9,1,1,1
0xda59e1ef93244cb08b0700636e23d314da336107,1,1,1
0x4fe666ecc5263f5dbb34adb8bc1c8cbb9bbcd1cc,1,0,1
0x7aa266963882f13eb0ab5920e16afef2f26cda8f,1,1,1
0x37761568af636f074595bce8ed20dd5b404ed798,1,1,1
0xee7221adc34b88c3311b0c1054eeb74af68f4f98,1,1,1
0x70e02b0509d67ade18914729d3905994585a5087,1,1,1
0x6df4c8316d9584aeefa68ba40af5b4e026d1d030,1,1,1
0x435abf34fc401134b9db1a1858984aad81ecd021,1,0,0
0xed8c8830cfc51f306c4765598cf3ee50ad8d978a,1,1,1
0x2e454234c1f9d1fe712d82cd2e5074e7262cf9f1,1,1,1
0xc3c592eb862d94567c14360edb2ce78ed5769a00,1,1,1
0x03d18450b2ef96a94b2930e4c36d8a667ce51fc9,1,1,0
0x49a0c4290af524c88a6d05d7cdf4611facafe3ef,1,1,0
0x8ca61e380ebbebe412b5787a20b6ecdf2ab21997,1,1,1
0x1bbeed1e4ad3c102a58129c65f4e04c4c67009af,1,1,1
0x604da69d33a0df6414c30270434ba4e0e95d8cf6,1,0,0
0xcdd746703c11272c11c94959397da4abf1361b93,1,0,1
0x0d5d6005fca3d29a3c494863fecc6b0359786e30,1,0,1
0xf74f6fb4353d43d3dc8c2c4693780b7afac41c49,1,1,1
0x8634f73ed61ba5bf0155b8b702e104b0cb8c39ef,1,0,1
0x14e9e1f1320ff0286c5e9b23fcfb70b711ce892e,1,1,1
0xd543f7fcbc661c36801b1d318ca3a6bd8c50609d,1,1,0
0x2a57f63b0b0fc2ca8846229e597c52fa2cd68432,1,1,1
0xe7d60131d3773a8cdf75162c2cb8be459600d9b2,1,1,0
0x436f1f89c00f546bfef42f8c8d964f1206140c64,1,1,0
0x7d52327b12afaead317552a1e96bc55eb8e0e52c,1,1,1
0xfeaa2288d98fb4886a45bb153fcc05bc7a2de8da,1,1,1
0x65a27722ef037eb23fb85f50852c849de79dd219,1,1,1
0x25f46306aaa6762b2242d4e8aa2ba851cd24ff72,1,0,1
0x1d2a6f7add060a5f632639bf5ec5faaae69529db,1,1,1
0x888f2e62a1465f99ef19dde35751998320eb4631,1,1,1
0xf4145988fdf8783fec4ae21f251054846c787cf2,1,0,1
0xabd03d05f14e2771b1972ac2669df33594fbe4ea,1,1,1
0x7df0b4cb5cec3e7aa7575928cbd47c4822369f69,1,1,1
0x7ac9334686f49da9a22e02ec7808550b1a9de3ea,1,1,1
0x633de5cc9b5af88c69748bbe33e58a20738628ff,1,0,1
0xe4a177146b18e986f0463364dd53f37f601f9f23,1,1,1
0xc70fb4d7db34cefa94be8ef00f045b7f14754d35,1,1,1
0x8d77f51be1173f90ecdeab7199e1d4ba12afdc08,1,1,1
0x303581c37b0c4ad5493573f8e61ccea287448be6,1,1,1
0xd4550697fe601bdaed1e591d47a887aa7097400a,1,1,1
0x1b76d77499125f2b05779b78a8a642cecdc069ec,1,1,1
0x1d952b5fce42d50799be240cdd791978dc236c21,1,0,1
0x4b27430da75a86454ccec280821b730ba0748626,1,0,1
0xbc55b0f2dbaf492fc8adf35c0f9939eb5fe92131,1,1,1
0x3d563e10b8f59abb24d3f76e28fcabf0cf4c4a5b,1,1,1
0x13403162ef6cf6219441667ae22892c997262611,1,1,1
0x150f70875c0229daa9c46e461498f81ab9a76a81,1,1,1
0xd1617d2259b8c5ebf9ae336c34b48d0b4e173fef,1,1,1
0x8967f58f726bc35aa10223961feea6055a48aae5,1,1,1
0x00e01a648ff41346cdeb873182383333d2184dd1,1,1,1
0xc597498f0d102036ff7bf9fda401f3174d2e9d96,1,1,1
0x1431b5c053d5e639d9a302d48c18de5fc23a2e61,1,1,1
0x57dcf20135b0cb9d167e8ebfe13b84bfd67645ed,1,1,1
0x00000e32e51011e28958d4696627c82c3dacd5a6,1,1,1
0x6997726e03707bf08032b8b6da935cae80524bca,1,1,1
0x9b6d1bc8a374de5d483c3209355176e4863d21ba,1,1,1
0xb2628597aac64b136c2aae3a516ea79a44817d77,1,0,1
0x6ace0c63f8808aae05ed2685838980a891a0ae21,1,1,1
0xa367b4143c956d7af8357a65de1f47d1dda458b3,1,1,0
0x805547869741f83c9ac325a2dc034cb7b1cdc5a6,1,1,1
0x41dfc5797c8043a2f4f7e7abf71291064e091fc6,1,1,1
0xc57f1148855e67763a694f7f2c0e68230adc686e,1,1,1
0xe10270bfb1ed82e120bfc392efb3c94a1604ded6,1,1,0
0x3063494a00b2fa9943d14753682dc3a63c15dd8a,1,1,1
0x8b7899daa44e4af0a214fa87507fcc92faef0223,1,0,1
0xff2f6c6fbd71a078f1c1781855467d30897b5a33,1,1,1
0x9af3bf0b0a117d3fbfb37dfc7fa67f9a645488fc,1,0,0
0x9c2b4a4094ff0f86bc1a11e1a50f4fce32e03169,1,0,0
0x11a2356ed527b87e502c19ac85cdcf2b12c975cc,1,0,1
0xd33441a44da0c1dcee596abb7ebdcdba77c7ddbd,1,1,1
0x2d56f8514aeee22109e0699f8b0bfef304d5ac87,1,1,1
0x7083c1bb9a6d9c73cb9b3c200e992e43ff103462,1,1,1
0x015a8f02b4e55b3c93678e5b44f7205ff9e8ece2,1,1,1
0xa0acc61547f6bd066f7c9663c17a312b6ad7e187,1,0,1
0x20869b304287e11f0ccb15ea3d6faee3c2b362ae,1,1,1
0x3e3aecee63ccd5c96ba6fa19666d64e194457e06,1,1,1
0xae6aab8c97f3c0650c5d441476207cb64719b5ed,1,1,1
0x916d37534f95f30c35a60a58150f48c2d0ff4be2,1,1,1
0x92127085c609bde93cab077e60f417d852222299,1,1,1
0x134fe81065e54342f1aed014f82548d27ddc6cfd,1,1,1
0x9c29046a4178d15aa7be23e6b73ef0f2e429a9a1,1,1,1
0xcdd1c19dcc3f473eaef6edb0a28e1e796d6e1767,1,1,1
0xf618041ef3d1423ce29a71d8bcdd748202071151,1,1,1
0x69a862e6f6837c2c4a74f53015e797855441e789,1,0,1
0x9366876700ca6db41e244c6995770a518e043fa1,1,1,1
0x09909c850f0e3019a645e0530aa37798dba59eb1,1,1,1
0xd2227f40458b8f1bc2f2b07142541cdb792d3e12,1,1,1
0xfbb27abc1153446f5e36a93d716da950f4cb72fe,1,1,1
0x279df51d4ea4e102abea8a82ad9536632cdf15fa,0,0,0
0x822d97d30c289bc4faa84e6b5699417a73a6fb19,0,0,0
0x1685f88542ba1c5f47b687bfe3a2e078db06fff0,0,0,0
0x53fa233b330f543561e2695787aab9060aa85039,0,0,0
0xbfd4594896c6f8063c177f4b3fbe8bcade039a2a,0,0,0
0xacc3fddf5485330ee7b8a84331e335d8a1972acf,0,0,0
0x3086a3900d93d17d2202a5b357fa8b34216ffdfb,0,0,0
0x70e076e9f49f06bf0e2135ed008d84e90d4b85b5,0,0,0
0xc879acd7998aa249dac1af34da580701a1de0adb,0,0,0
0x83045d998152bbe2c7f6a2433d20cd677531305f,0,0,0
0x7bbbe9d45cc3990cd6f9673d9e7f341cb3bff195,0,0,0
0x0374b6d63fc8bbfa401ed8549900fd02de86ea99,0,0,0
0xc1c1803201bfe310d3b7ca56a4cd14ade736a1f4,0,0,0
0x0ee4e2d09aec35bdf08083b649033ac0a41aa75e,0,0,0
0x99ceb53f876357ecb8c9c7514feebfb3689fe703,0,0,0
0x6b30bd3f7dfe8cf467f443e292edc547ff754f7d,0,0,0
0x10d0c4d86716359cb9df1cc77b2dfeb0f5d702d1,0,0,0
0x48ab41420fcfeb3787e74ed698d5b81145ae1648,0,0,0
0x9ad93e351ccd8c979fba63edb853e1125a6bfcd1,0,0,0
0x26feaa9405da6f9bb096dc066e09efc41eb040d5,0,0,0
0xb105cf1a492bdfe95e5f4701e2382404da9fea31,0,0,0
0x2b6705cb41d9b0be7e54f3dffc77e5a8cb1c1244,0,0,0
0x7567ac99c0376a59b3debb4c6a0895265b4e2898,0,0,0
0x62cd55c754926cfd972fa546644f62178ca27225,0,0,0
0x44f3230e022badd852a0988a21595ffa8679902a,0,0,0
0x03a187998ad07f7eddff4e27cf0e4454004ad978,0,0,0
0xa59ea89c271264fcd4d46886b8c3bd884fc3a0d1,0,0,0
0x3a2b5d91f00d15f24f98b2e782737829355672a4,0,0,0
0x1b6b324441d52b251079b5ef8b9a85c08d707bfc,0,0,0
0xb7efedb31827107baf9f3e8c2f492d7cc3bd3aa0,0,0,0
0x3c80a2b3412586abec1911b907a7c732e07a2921,0,0,0
0x9ddb6950d8f6588a5d0c65e7e65b384754cfb9eb,0,0,0
0x29d5527caa78f1946a409fa6acaf14a0a4a0274b,0,0,0
0x4a2d2c53c976e70f146493164f85728aa6e9de1f,0,0,0
0xa22e44e0b7af53b34b5fd3aed38211407c3d0842,0,0,0
0x4cdf46740d51a0f6735fe3f1d28fadf00c20cd34,0,0,0
0xa268269e9d421923296857db0b597dbcc8bdabcb,0,0,0
0x31e55c4f5fd749efb8fd8eba5dd76dbf3ad87679,0,0,0
0x4ec0a9d13fd6d5924cd4dde3b0bbdaeb1a1f0a8e,0,0,0
0x544f1a63b15dc75fb39880300771bbf838d9e087,0,0,0
0x945e4a40c82c55c3403d43984e4729cfa9dc2b1c,0,0,0
0x16961eaee0563e867d5bdcb592b5440b696de7af,0,0,0
0xb40b2ffffbedd95abb26d03c01077e2f86a39f36,0,0,0
0xc772795eb3df490c323ed38fe645cd2823a04aef,0,0,0
0xcc5c3e21b2071d61b6504502d2bb0c85e82b1ecc,0,1,0
0x7582d5e2a3f7f45466dd9b6c65d7fb30f7ab5f09,0,0,0
0x06993321df90da3f4a00a69b6eddbc2028a46c4e,0,0,0
0x556757ed292c123fe45526583a84afa11bc76772,0,0,0
0x8cb50afcda0459292048361833220b9328152037,0,1,0
0x1a13f517b8299bf79c29740984836887869dee79,0,0,0
0x8fdb0fc330f6bed00bedf21c4bc8899526fcd19d,0,0,0
0x27d327f8a3f0a582c22f39da6ea15e61b58984a5,0,0,0
0x5ed4311991e4231d9facf06fefa57225cc4941ec,0,0,0
0x7dd5a56fff2a23a1224056b715329ad026ad5996,0,0,0
0x67c59e3c8106d868f0de722d87c319f03b833912,0,0,0
0x4229fcaa6bc3958a491df9b283136f4303e95c57,0,0,0
0x4c7520df888aa4569a37ac7d132f89c65821f0af,0,0,0
0x6814d24d6a6f543ede14d1b4b9edbb8d00cc30a3,0,0,0
0x00c2abd0ab9fc13fbc8baac19dc30aec31704d4e,0,0,0
0xb3c773e36d50cb720e9ed09e1bcf8743058ac7ac,0,0,0
0x45f0e34072c0757686890f86f72d1d3298636735,0,0,0
0xa237bfb68e69a20e5f0293261ee81f2ea1a726dd,0,0,0
0x88d0d4afdb0cc8dd3a7d41d8ab99ed730f0067e6,0,0,0
0x56c5fb0584225a4e681829366324c79ea5ee5dae,0,0,0
0x9ae63ee2e8ed29f4a4edb982f918a33c2caf3f98,0,0,0
0x3f8bdb27530b82b780210cf3a91a69f520520928,0,0,0
0x93b1caa9ed511718351977dbb249b46a9682e307,0,0,0
0x703bc4e41f583cdea5761d60e2807d4790c73ba7,0,0,0
0x206d226f226f62994dbc70cc6da1a02f2825466e,0,0,0
0x70e65e96d6296317573474e05b4daad9c67fddaf,0,0,0
0xc266935e488cf58522fd60065205a9199e4e2ced,0,0,0
0x3458ac1ac6f9e9d1fbaf6d4c598d491e4f4fd938,0,0,0
0xbdbaf3a9c454f16524caf7facc9c4cf51d3969ec,0,0,0
0x7bf9472cd5e8e708162b23d8490328eba640ca9c,0,0,0
0xad49d2422513344da7b32ac5375bcde6b922d3c4,0,0,0
0x1a6783a9b1a542380742ea5ec45eb741b12f6680,0,0,0
0x15a330dd60081d7d93e19395a56c65a391bc4698,0,0,0
0x4064be92a8b63f018c1c77d5494d86aff8ba3ee5,0,0,0
0x3297bfdad5d48063e8a00b03c8bcee96d2b66873,0,0,0
0x2c8a5adcfb8fbcb2e410bc38ee2e090d924bbdd1,0,1,0
0x8f371b41fef481fa1bf46ea164cabbb50a7efe0b,0,0,0
0x205dfedbc9c370b281301e272e922c2c059db9d1,0,0,0
0x4ef53445a3be3530afcc830f12b14b71335b1f50,0,0,0
0x85ef23bf9503300df9273725166503a1fc18c1b7,0,0,0
0x6e4f24a297c496aef5d404725a9bbd4cc23ac795,0,0,0
0x9091b4ab528cdcdc0ba403db83fdf74aa781d489,0,0,0
0x57dd73c75e66bbfaaeac8a16e7cc4a1c69122535,0,0,0
0xb8ba515e342efc395e67626639d86c1495230c78,0,0,0
0x39efb002eaab02d00e97a3854a146560852bc571,0,0,0
0x30736ca3a97adf34c65e3b6c8a4ad83eed250f64,0,0,0
0xb4237e47debe89de9ee2e11e19f4e1d4fc9e18e6,0,0,0
0x1ff927163b06b059c1cb4a2e976b4b1167ca1251,0,0,0
0x470d05ad679ffac82089687659c9009644b2b0d1,0,1,0
0x74ff37c0adcc9c6eac0e70cf331b8ec9499acc29,0,0,0
0x06b582d3672efaf804ed5a63036106108ee4b326,0,0,0
0x0ece038d2c24276d0b46469621c18c31ccdfd668,0,0,0
0x0e8f022f768a843b25019ef60cceebad644c1858,0,0,0
0x75b6deff7047f3eaea8a30d017b24e689e8e3a5a,0,0,0
0x772ed0990721a1dfa22e9e6a8331db39a14c505f,0,0,0
0x11b6a33e0f5038aa8a868f636cd9cf90d60614cb,0,1,0
0xc9c4da08cf9be92b2344463e47bb42a07310e73e,0,0,0
0x7a3e54945a8316a591eb6b3c9a0348e0af7bd341,0,0,0
0x13e5e3a18f46bc5d81e7d083562c707fc8ec8f44,0,0,0
0x79dfcd4e77a76da6f85b783768e380be6e6dc280,0,0,0
0x483f493f2fedf46099137bd3ef11c6ce799d4e59,0,0,0
0x3ff7d5bcfd9dc56001e6129e7ae63b1a79180997,0,0,0
0x68450beaa2bc51a2a6249ffe69b31ead628e0996,0,0,0
0x5b1ccd0bcab7b7c19fa57ff896545e078f686c9c,0,0,0
0x169acc05308764144836e7d378512c9335f5040d,0,0,0
0x741a5c1120bd72209e7f8cbabb8082e8c81219d8,0,0,0
0x7277836b0a5789bc3c8836ce710043c0e3196da9,0,0,0
0x8af986b8db00ad11bddc51915042b817f2fc3edb,0,0,0
0x67c0499313122ec75090d6647fbfb5e3f9e0580a,0,0,0
0x003300d3d2c46983b9a55b07b9b2ab47d6228111,0,0,0
0x4aad5fe8988e1ceb14ecd716ba25aac4c0173ce6,0,0,0
0xbb26c562e1d901997985f1a9b7376ba3c2c9ab6d,0,0,0
0x0510156b8080e359f3ef29386634e0fefdd2495f,0,0,0
0x14630983dca0856fc501bd4388edb1332a58a3c6,0,0,0
0x9f49f683db4f6cb5488999d52c32facf9ca332d5,0,1,0
0xc6b48b1f44511b80b5a13513b2861690a15cbbf0,0,0,0
0xbe4dfe79790cf61490d195d4bc0082625d829c21,0,0,0
0x5451378110c1819dc0b9ebbb99a6bc77beafbc21,0,0,0
0x25e3919c011cc163ceac305e0045a7690d2371b6,0,0,0
0x058a14f94ddc08dffea9d8013faa9ee4d0d05c0d,0,0,0
0x74ad6ebe92c4673ae4b6c766543aba4b056b15d8,0,0,0
0x7914a9688b516b2420e1006c122c8cb0cf39bcbd,0,0,0
0x8cdc77c3306cb3570c9f53b28e81b2889d4fe805,0,0,0
0x667d07b95760b114d75f5723d5210a7784deaec4,0,0,0
0x58a4a9fbdd6f2b96008b85bf30504fecb387dbbc,0,0,0
0x263f65eebdf161f6bbca43930053fb78c170c340,0,0,0
0x120d49199d8b09f773f26873cf2f78abd74c5577,0,1,0
0x491c079bc4fc87be6c81d1bea65622332b7cfadd,0,0,0
0x0b9dd8aa79f11b5e86399a8e0c544ca2d558c0b8,0,0,0
0x705e4c0d1181204eda948385a843971d674f9011,0,0,0
0x003b9a44dcc7b59546a8b1c1e7dccd57eb99f07d,0,0,0
0x6316f4bd5bfe767a80b2fdb81e9fc340b360ad8b,0,0,0
0x2d85886fef0ba5b73fde1d4924ec7872c06f6507,0,0,0
0x745c6beaded6f1299511401d7bce1a4dca53b1c5,0,0,0
0x80774287358c7691ca2f6cacbc7471325adf3617,0,0,0
0x0059782ecd69fb5413c5e1a98b40c28dff061162,0,1,0
0x68126be21ee78bf5f8f84aca19b6a7fd664e9216,0,0,0
0x864a863758a980d3f7bc95870500e5e674ca837a,0,0,0
0x26957b347cf1a0c53e9d8bf1a32bf6993949d697,0,0,0
0x64704fe4048f50eea4f6988ebb7dfd1363b97101,0,0,0
0x2859022c43274c40cdf5fa47c2eaaddb8a7b1565,0,0,0
0xb57ffdec6e868ddf3866d0a20471dfca842402c7,0,0,0
0x3844b36f8e758ef6ab8c4cf6291b0f6e424bc1ea,0,0,0
0x16cb539d9363264c91214ed29aa2ae43e5d9c3e3,0,0,0
0x8bf63653841ac8405699eb6d80a8930a8e48435c,0,0,0
0x59a953dfd9c29e0d54d8fb67294c11022d6e6d04,0,0,0
0x12965ea92e67d2138af8bdc8f24d08dfb71c6589,0,0,0
0x043f2375429bca5598cb4bf6ab7568907607fb9e,0,0,0
0xcc9d55fd0ef996ed385cfb715fccd9f923ac4853,0,0,0
0x3ce4d41d399fa17c46c54b766b7841f81c5ac1d5,0,0,0
0x5cc96eefb8f94f6c867b2739c64cdd86c15b0e06,0,0,0
0xc4f471e23c40dd8942c3a4aff5d3c41b8aecd8b4,0,0,0
0x894b5f40a850781c4b7f70ede4db8425b258e81e,0,0,0
0x08ca710c4215f63bc2b982f1154d8d0981a166d7,0,0,0
0xc8629ce5571cac344a451fa4b282975de3f6a99c,0,0,0
0x31783f69341afb9781e46d52991635739dfb2cce,0,0,0
0x6fa41dc310f67f99629bf9d637296cdeac468a95,0,0,0
0x790907051c0a823190b80fdeab406a990056bcf3,0,0,0
0x5a41dbffb88464598ca671917c005f32e066afe9,0,0,0
0x576ae1cb6fa021b175bce85ca4ab9c873a92c434,0,0,0
0x0e2fbc2adb667960664e63f7eacc2d0ad17205f5,0,0,0
0x3f50dffeae0138cf155a72d6594f1d7065949b80,0,0,0
0x007bb0518b03f1a8c00e9bb545640800d1e91444,0,0,0
0x0644050724b45de35853c4153dcaffbc32a22ec8,0,0,0
0xaa599a0eed756ea19c113a0824af98431a0f4350,0,0,0
0x5fb3dc3ec639f33429aea0773ed292a37b87a4d8,0,0,0
0x603a60c817e06a50093e98e1662fe5bc45a2f45a,0,0,0
0xa323da496508dceb83369761a9d144655f850762,0,0,0
0x599e9279c8ece511b512830bd72b30d44382292e,0,0,0
0x3d2f6cb8234e822f7b24da2ca084e74a2a21b505,0,0,0
0x30474623652a896acc8fca53161901c7f0e13e90,0,1,0
0x0d11ec699c623fb62de3d396df7a9381e56cbf00,0,1,0
0x165869265eb30c1eea51edf59cbcb039e388bcc3,0,0,0
0x9e8ae08c88d48b36bb1cf2fe3845b7b603a5abd5,0,0,0
0x2246e6bca2a6e8e96a356f9f35bbe25d6f6c0b99,0,0,0
0xc1b5c05bf06775b8c2f5f2f501dabe2ab3512a98,0,0,0
0xca6e02f7c827541a1ee0b99003234249cacc9778,0,1,0
0x63d450ab9c4fa35348b42aeab8cf75bff970d09a,0,0,0
0x229c1f18774fcf2b37e1de5326fcefbd5657004b,0,0,0
0x3ff96411c98b4803e36e851b2521bd9edc5be21d,0,0,0
0xbc9ed2ad35b3c5c398db229b409088395acee652,0,0,0
0x04fceacbd91950a3f1e7f91b16476b609c83a762,0,0,0
0x0feb91a4a5b20fda02a9b3f3a41fab669ad37801,0,0,0
0x06c046a7cf3a7870cd1a295483f234ac650abb6d,0,0,0
0x3c873056d2d0ea2b928524678f8edaefff18b568,0,0,0
0x7d0bfb3f090c1c73188394e83e1708d63ba5b7ea,0,0,0
0x7e689422ac5147f8b38c6764775259be6e65bab0,0,0,0
0x83ce76ab9420ad376693874d3e5c5cdcf5ae3a4d,0,0,0
0xbb3601e297527ec045e13644200e795096202f05,0,0,0
0x9e56eb253b4606f94125ff99d145f4750dca8afa,0,0,0
0xbd3e9d5a70b9c76cd90f8d09256e59d75cfbfb86,0,0,0
0x3681f7a0b330822a3342976888e771a2481835b0,0,0,0
0x00bd1bba3519746a5b7d0bede063f14d48dfdf2b,0,1,0
0x08699b69f26d9c2e969db88e7f535e203ed15531,0,0,0
0x5c10869f9893067cb9e7d14c962d9502e4f000e5,0,0,0
0x44389ad739be63a1466e0e0bb3e56b7e8bf82490,0,0,0
0x79734318e604b22802ac2d3b11569bfcbac546c4,0,0,0
0x6d726cde26ae1df5d05844f1391f4e9083e53344,0,0,0
0x1bef615161710061e03a531b9f93c2d24822c2da,0,0,0
0x8fb2471a7d4b145197f1afa22ebb897ea02e83e3,0,0,0
0x5ec0562a54be6e9e0457e0408b0e1cf1f386f6ae,0,0,0
0x987022b594a01f934345a60b67ca61c1e2a1cf72,0,0,0
0x012dbb1d6e6aaae7a0bf5f610a5fb44e308bb433,0,0,0
0x6f5847de3b529130b955f88b559bead969cdaf72,0,0,0
0x2862480bdfb4abe8501e4aab8ccaa1a0f8896f95,0,0,0
0x085fcda9aa36723af4ae16d452e1e30be7122f57,0,0,0
0x61aba66826a28517740835a3cc90b6a1067d6d9b,0,0,0
0x968fd08c71e989d2fdff654401ae4588e3c8c5dd,0,0,0
0x072c270016a3580da27959a5e8b8b31a615e6067,0,0,0
0x1d8c87238b0f3b959bfa13e6edc9faf6072a307b,0,1,0
0x14bf344345800a571fb99e328481b39479116522,0,0,0
0x342b4cd5bfdcdb2c412eb7af31685dd9cf379bd8,0,0,0
0x311dedde5e0effc7b70dffdfff1e97dada5e262f,0,0,0
0x2176f34ffbc4e8c9793b5203dfdaec72313464a8,0,0,0
0x57663455331241bda0f876fed569cfbb4289e5c6,0,0,0
0x97a92bfbdb531f05891ed94bfb98c329cdbdf2a4,0,0,0
0x9a354053e38a6d5079999380d464182dded00233,0,0,0
0x0244d7e1ffe01940b1ffcebca3f09efab13fe664,0,0,0
0x2b0d173f7be7d9f8162b4d8056234f0e7dc563fe,0,0,0
0x8e683b00c59c997fdb11ab03cd8a8c4f2aeaa321,0,0,0
0x91fe6bcda574b0e1a9d867d5b120bc2013b29f74,0,0,0
0xa3d39ac3bc708529c4c0527b34befc13b5fb9747,0,1,0
0x23053da7bb7851bf6d13b88f2cb30368fcd54933,0,0,0
0x1762917c29900a9e2ac2aacb990a3698b4dcad9a,0,1,0
0x65af310ec47990ac2ecf69b6adea6f213bcce42e,0,0,0
0xce256f03665c70bcf55cdd50a882624e4677eaff,0,0,0
0x24f21c22f0e641e2371f04a7bb8d713f89f53550,0,0,0
0xb4eda52a25e60b26c57064fdcb9deb268429e69a,0,0,0
0x87e7040fc1c6b350ff502257c426e6827b300f48,0,0,0
0x80ed5b6a64d8d149b2ea587898326b8cef5c4817,0,0,0
0x7d780236bf52a88e54469641bd9defdb8adf7b23,0,0,0
0x4a2a80022b91216984f40deeeea2b17994fc97a1,0,0,0
0x5ec356ce30572035840f05d07a5394dfae76dd72,0,0,0
0x28a5b02f9713321cb534a405fcf7849af93d0651,0,0,0
0x97392722b4140d5ae308cc844ba7cb5b9f6d5f38,0,0,0
0x555634c68593945d18cbb1783b05708dc6d7e2f5,0,0,0
0x1fbf520b5784bb71210452139e4fe60b3c8a13c7,0,0,0
0x1442f6c3236f890fe5b00321ff79c53d331ed919,0,0,0
0xbe01499838fcf1c5557056d6c37d0b953349c77d,0,0,0
0x5a77600da420756c82c2d27c98d9362aeefa9119,0,0,0
0x81be76106fe41184e7a10ee0761cc4ba4580af1f,0,0,0
0x9facfb2735d13396b1f9d6f793a388c999c8a8ad,0,0,0
0x30fbb69e1eab35a975434b8d1b41f030d39be6a3,0,0,0
0x384b9d251e83b8a82164cf5775a67f5dcea5e0d0,0,0,0
0x1ea70521f4f45f98c93c11199c312e14fa176279,0,0,0
0x201cbda47db4b58fc9edc48ce977c35602d381a0,0,1,0
0x8ac6af872d341caba00930bef664e4eb2e13c531,0,0,0
0xc222e66326f29bf9c56b1a7ae5a7a68f3fdf737a,0,0,0
0x9a1820023613b79bf56f7ffb3d1b0fcb293435e6,0,1,0
0x7cea9c6c8e691fd060488fe63f0c9bce8d5f9833,0,0,0
0x6f29d934ab0a7c90e1c0efc2a22924fcf3dfa10f,0,0,0
0x53ae563fcb501221fc11efdd05b96ce7e1c350c0,0,0,0
0x7dd7d9b2a8f1f280458ab077e1eeec1371079ac4,0,0,0
0x5fc63bae366a066a0e203586ff7c2dda9f74bb83,0,0,0
0xc62ee9ce7fc0e5676e7b1adb397e310dbe3167ef,0,0,0
0x0c044128d3bf7f0fa927b063776d962dd65dbedc,0,0,0
0x0083704ad2f3e9f58e71593459462875255b7bd2,0,0,0
0x695473f3266f63845a89564fd9fa9da0b5a14553,0,0,0
0x6405b34e3d77ea1d12bc7df3504072e0cdea9fb4,0,0,0
0x03d6bc0026c612d582313b30cefbd4f0381cbc9c,0,0,0
0x55a58902e2ebf71cb6b0742952dfbba58892c86b,0,0,0
0x38d98fbebbb3afe34ba6e18ceb591783cc01959a,0,0,0
0x3a396b0a3b113710bd66692edca85c6cc09733bb,0,0,0
0xabcc4c64792d3f64510e426969cff124cebaab91,0,0,0
0x589c313e321c019bb1ad0f0a48661cad8e888b13,0,0,0
0x61f82976abb4657825919fce8597c3e60188029b,0,0,0
0x9db282cb8e2d20107c4928698fd397f6ea408414,0,0,0
0x0cca72a828f7e9c1daa6f25c30a8547046d111f2,0,0,0
0x85fd5810b0f3924fc47546b6123d48187e7ec47c,0,1,0
0xbb9479781322aa81582e360eb239e021f3a0a574,0,0,0
0xb36cbe7f95a39984384e6aa4068b02c1697ef80e,0,0,0
0xbe77a3cfd59d08d0f2929447414faa82873986cd,0,0,0
0x109d622d2ca8558790e2752897977dd93c394e20,0,0,0
0x78ebe3840871ed00f315061729f7025cacd35bbd,0,0,0
0x258d9228cd28b8789074c013b6dca038a7294ca8,0,0,0
0x81c118f8823ea54aac1c22cb90a48d17d5d21aca,0,0,0
0x5aebe4bbd2a71474830c87e10001cf0c0cf7a258,0,0,0
0x697cf5977182e7ba0619f39c843b0fc291895097,0,0,0
0x3f6f6943b33f4a4a4180328bda4fb46862a5132d,0,0,0
0x4756b548df1ef64f3dcbe5d5141ef376383ccec6,0,0,0
0xc49c16cb76fbcda5a0464188b0f5d88af6b0a550,0,0,0
0xcd8ab95e368892a298f6e61d0840a53640132c2c,0,0,0
0x729a89a6806300200a4c4ab9b7c6740e59de1797,0,0,0
0x5063b9ddd7ed90eadce1a05f429e418d33e9e966,0,0,0
0x5ed910ac4f9bd605a31bfb4a2109a1dd2a2c8bea,0,0,0
0x751ad25ac9a998d7f130b4f4dab3ff2f570da31b,0,0,0
0x91eb1983d5e3af359e6ac2f55a7efc0ef3c9cccf,0,0,0
0x16d9848b8ef64398210eae4858319f65afa1f616,0,0,0
0xbbbb0186cb388c9648421396768cf4437ca91669,0,0,0
0x5127fc4c144b0a6fd73cd24f044c3259c1a288d4,0,0,0
0x7aaf7d7e2a1f7e5801412b9823cde2bf4e38690a,0,0,0
0x168d9b20086ccf589b44b45e3b3c1a454c3ec030,0,0,0
0x5a3cd90230ab4993d25868ffe30c87805aebfcaf,0,0,0
0x3b05500ef6feaa8b685a9ebab34356388139479e,0,0,0
0xaa07b9f13c5ed15738e62ac752c2dd78d1d12be1,0,0,0
0x1a4a6a982169e6665f2c5d58ac1af8beef9641f1,0,0,0
0xc5ef78ef2420156ceb309e720fa647625faef7b3,0,0,0
0x4544e744cba4acecc943e94ecf736675b256822d,0,0,0
0x13f66339166101d30e0183bfda124a27564583fb,0,0,0
0x60a076a795ace750e1748d88f8a964ec45de3ca8,0,1,0
0x5969ade292689fee2402c8a06c3d0cc013d1ea67,0,0,0
0x9d9073a5f653a583b643ea8b185796fff268bc12,0,0,0
0xad4f16e288493019eef2bac74a1aae939bc2b5a3,0,0,0
0x46b2431d8ac6ba25d63b7ee6c96fbcb23ad70a77,0,0,0
0x54a33c7d2ad57802330848d2e108013a76beeafc,0,0,0
0x011b1cd5eaebc4d52bd2a6c928d45d93af642a58,0,0,0
0x60bcf5afa13b0b46a963bb56b0f6e73bb8e89c6c,0,0,0
0x32d8741b7b0053174de8d8fa27a0cb2cc0042274,0,0,0
0x8a0ccbf12d03878fe39ff3ed45667142ab13ae93,0,0,0
0x67c881601c796d06753bf100018842492e116b86,0,0,0
0xafd77a81036cba3dc4adf2f7a6c2a4cbb5650bad,0,0,0
0x5e5c36493cdc25e1c67420167f1d171457d7d117,0,0,0
0x0777703b49d2ad0faa1200986628f3110e4608c0,0,0,0
0xb21b3417daa58b886b5eb13480533516cbf6779f,0,0,0
0x15c8a4988dcbb7976cdebfa1bb80ed3f2f8b67dc,0,0,0
0x36ef72ace88d409c2d5ef4d9c8a6c723763905a1,0,0,0
0xa285552a045b81ef343ad503bc163780a3cf5583,0,0,0
0x0120a41636716d5717e92a2a960580a0961df73f,0,0,0
0x3b1438e5421d8fef3fe9cf282dbd0bb1ade9d712,0,0,0
0x004f1cea50b057ad8b6f445e128edbdc9b48902b,0,0,0
0x89f6d2bb5a115a28802514dab7842088a3968d40,0,0,0
0x979504a61d5c87dad676badb94812c5ef94eaa98,0,0,0
0x2f6d019a7c99c9cb60c2575320d2e379160c407c,0,0,0
0x53c8c2182ec027280925e531280ea801dafd3fc8,0,0,0
0x6f92874ad0582cab1dbd8654d7afa41c4437daf7,0,0,0
0x558135fbf05e87252578f8c14ddc5c3977357445,0,0,0
0x687aeda127fd2bd4f374c73e3724bf9b7c7a6b9c,0,0,0
0x39115f455ffa3c4d981d7f0eb56845fe8622e5eb,0,0,0
0x242592b892c73a02b9812d0b0e32d6b7b7dc3149,0,0,0
0x1b2bdf91aef7f99ff4f4223f78a8fc0004106c87,0,0,0
0x2de4cd6e60f66ed1dd281a2dde202489e4a75185,0,0,0
0x59f5c76f6b8394735a6a1bbe52d9ec583f5a9f58,0,0,0
0x0da8b8ba342526c661bc04d64420d7f224e16df8,0,0,0
0x8e8990071e82d4d0a2d732eb4452e637efd13456,0,0,0
0x131a78c5b1ed5cd2ed2b8ac2732a09af975fd010,0,0,0
0x051e395eefe31c8bd8d8546127ee8d6e0bfeec57,0,0,0
0x7dc953c608f0536d098f2a45415d08f8627b1d68,0,0,0
0x0953d32cb6517b25c2837d31f3ffe4c1ab534ef2,0,1,0
0x5382fff8ce362adc7fc8cc6e64d3d8668db55ee1,0,0,0
0x1c2ab9c5cb858963eda186b7ce6c7bd3933b2645,0,0,0
0x957911ef30c7a760255e76e88a8d5849b6acf7f6,0,0,0
0x80ff0727d6717d49dcd80a7223cfc05d66d7b631,0,0,0
0x40a7fcfd6fa60da3c60197a8bc3680db0189a3ff,0,0,0
0x1af9526bc8364aeed2f32f9c7ae9e57be5893fd7,0,0,0
0x333e303f97569cf903e7bc7e4f76378de595a6a4,0,0,0
0xa6a3e96b0722448c81c0d7ffe6ef63ef90e13465,0,1,0
0x4ff83262dabf0484517e75631f4a7591efe7cf44,0,0,0
0xb7797d93726c34ef48c80c82abdc86eefc798d0c,0,0,0
0x1cb4fef0ca21d5c571548ad5eb11fbbf08f36f21,0,0,0
0x97de2d120f9fc6981b5b1d3ee1947c2b2df4c1b7,0,0,0
0xc1dd7d2fa032a9a0762b3517fef06b83755a72a2,0,0,0
0x39c2c5f3f8c77cc257ba0302e0b965484ac19984,0,0,0
0xc385b489c29a4f54052fbd1e2a06d5445499aea0,0,1,0
0xc9e7a79cee51095e89b79523d69d0bb1ac4e6eb0,0,0,0
0x93e474f0e557ce9a1a7b2f880329c19b520103d0,0,0,0
0xae21f4b9a019aa296030be02067b78273ca876ad,0,0,0
0xc2d02ddedba39a0e2c06fc3ab5241de5e1893513,0,0,0
0x5e26b21709c98f71619ca672fe1a40b2f086c969,0,0,0
0x1cbefa9ae246c433d7def39fe7714fe58942cc9b,0,0,0
0x1197fd722cf96c887c3018ea233a1468d06064d8,0,0,0
0x8205fb1ac69eb2c70d2ce339a519b92e96951660,0,0,0
0x23a65881dd5bd8c3ab0ec25775dea9d2bca0281d,0,0,0
0xab2834858f9d9b772b5664afc53211145deb5a4d,0,0,0
0xa6d660e3de25193a76eecabc223638c20e7f90ab,0,0,0
0x53883641696e6fbb06ed27dcba0a6b8303969d6e,0,0,0
0x8573ef14683804ba4284a8402703f3dd3c506aad,0,0,0
0x6194a6726620c14ed4e5129ed8e61e66b13650af,0,0,0
0xa65a66dba4c44768280db17a3246a69fe7465ea1,0,0,0
0xc6378211e8f49f1838c3556cea6d13ae6cc6b92d,0,0,0
0x5b475febb3018f41d0ac3c2f1a864bd102ab5a2e,0,0,0
0x37df7a67d3969d3318e18462bb9e6a31cc571325,0,0,0
0x0ff11df6116761511a2eccfa2a136d5cf64f6fa1,0,1,0
0x043b05c7e524dbe75232ea656b13b885ff589a24,0,0,0
0x873fba733d641e8627126aad8212cf1bb356db7a,0,0,0
0x41bddc5823bb385bdb8c2357edfe2174484a0919,0,0,0
0x5ea8fb4d3a2638db7c7c440f157b41990aa779f9,0,1,0
0xab370564be8be9da035b00d1bbd49a695b365f3b,0,0,0
0x9ebe6cc2f452c77bb5a7d02d1150a450059e2fc4,0,0,0
0x020de3ebd3560b4e3cec1a8b34a3f2dff5e31f88,0,0,0
0xb65c14540a57e7eaf0303c6040bcfa096ea5df12,0,0,0
0x7d77f07a0ecfde4de6cdf8f9f446cd31591e486f,0,0,0
0x2b91a6a5e3aa91633bccb67496b98507c7c622b3,0,0,0
0x0cf3a6abfded4576543f632e195f9272b5c64bf1,0,0,0
0xa0ea2a64c424c85d285e465878281233f7e7e4b6,0,0,0
0xa50f86b4af2764b6be69a3a6040497f0a44ba3c5,0,0,0
0x7dba4deae6f592143f69ab3d0f4ad023aac8f987,0,0,0
0x4cd526aa2db72eb1fd557b37c6b0394acd35b212,0,0,0
0x9317b9ec28c957216f586f8385851c353084e3ae,0,0,0
0xb730ca1754cd3b3466e6da5dfb3262c5b296fa35,0,0,0
0xa76b61f7d05fd365ac6eecb44eb36f0148ef3310,0,0,0
0x7994212d8abee463fdd0f3fa20915d5e9e471666,0,0,0
0x36c75efdcd7712e7501cffd8066e899a0ff5858c,0,0,0
0x120f7b847ac2440a5cd87c14a6de121894b750ad,0,0,0
0x6b7f088e98c2bc0f229c5ea3ed0f8836e5e5b684,0,0,0
0x068ef023b48bb4f445429434b000d90560524d4f,0,0,0
0x426f6114f634a76f7ffd2f6d93b7869dba76e5a8,0,0,0
0xb33794fd4c9a9457081edacca7623ea2d76f17b5,0,0,0
0xcc24ba5e0e6616f074e3d1f4cbe8c2c9298fb963,0,0,0
0x39de52507bcd65063023cb9dc2b676ec6da23fac,0,0,0
0x876bc23d1d757cdda85f2eea9b8b09799339e4c8,0,0,0
0xad56d58976f5e36bca42a2d765c95bf096bd615d,0,0,0
0x3f99eb5b838a2daf3b697eaf00dfa988735e0e91,0,0,0
0x1be46256348e339f3c8558e1d8e2deac61883c86,0,1,0
0x69f8a9f2583daa3dcf5932837b1513c5701485fd,0,0,0
0x1b4277e7f7a9b577e75df43af05f7c93be52e2de,0,0,0
0x95fff83632d72a622bde2c1f13f1eba98dec97c5,0,0,0
0xac0381ecb389f46380174a96b1cc98faba7ff5ec,0,0,0
0x7578ff89582a5a88858589a215f52b74609f0dbf,0,0,0
0x94210a10670b353d0ad238170154ec1fdbd586c0,0,0,0
0x6f645017ca875ac79ab8641ce984a1b72965c7b6,0,0,0
0x00bf8ef866b3d8139c982961f6850fadc17f1d48,0,0,0
0x72e6970dd772fd245409a5d7a1a9a66416be9641,0,0,0
0x92e336ce21fae2902f5101226bc6a25dd1b6410a,0,0,0
0x74ba897f65f04008d8eff364efcc54b0a20e17eb,0,0,0
0x12962485aa2ff2829e5683f05d1dfe98093a6687,0,0,0
0x8104196c890878be48c3ceecb6be1f5db6e6142e,0,0,0
0x08a1202b2c19fdea177c0294637894a7be2d4701,0,0,0
0x7b71990b9add1a3f84e748c700802c9f89b0ea18,0,0,0
0x69cace9044ddf4b09b7e043164479cce747b057b,0,0,0
0x711449e1226cea3112ae4c568988c8c7271e7488,0,0,0
0x85236a9c02591ba62201a2da961ba40684f7dab2,0,0,0
0xb4fdea06be748670725adcb62d9aacfdae54492d,0,0,0
0x8fd6d5708132bd17edb54231bf129fa34ecf6327,0,0,0
0x9f4a68d3b1c89ef33f6c6fb59611f7ad1809fdc2,0,0,0
0x6753eecb92f97eb4c0fd0d5bd44ee4d061530122,0,0,1
0x8091c294abae37d3667da741b9c13668f85a9926,0,0,0
0x844c8ae5bad5c56edfcbc16ca7f97828738e5178,0,0,0
0x3988a6cd6b45ac5a315b162f1186f0b4ba549925,0,0,0
0xaee791d381fd6209c4df56939b7016648d6f2df2,0,0,0
0xc907a7e4f3d98e550d7ac22d38b9efc1e0503202,0,0,0
0xbd04dd0348675ac86bcc1680d2c5b820809f0803,0,0,0
0x68654fc1b5e2a31b79344b777be52d3091dfc17b,0,1,0
0xb0be367916db19ffa122a7861e0fa95918b7d678,0,0,0
0x82e20626abef466054404ebfbe915e15837389f2,0,1,0
0x5aaa41a2f2ef1d6ff98711b0600ceb5be772aab8,0,0,0
0x0e255afc4937c5bd1cbee929cf78c6b198cccf27,0,0,0
0x0016338abcb6bfa6d355adc207c5d2d42acb5e42,0,0,0
0x14ccb60b06a9345cd4927766f09b6cb68ffecc17,0,1,0
0xb46194bce6f318dcdbed8d0f1d7a788384ca2278,0,0,0
0x15e1cb662c5974a01db1e530ea055b8869bd28ad,0,0,0
0x1861b107943e6ee0ee183562a92ac5e2075f1a52,0,0,0
0xb7c8ee963d6c1d8dd6c570c2dbdf8b36225ef3e0,0,0,0
0x691955e294b1ccd9dcb410af7060f2aa65910036,0,0,0
0x2cef2e4d7a4a1f939987b73b505df263f6e2b46a,0,0,0
0x3178f7f6550aa04d8472de1dc05052c5efa20340,0,0,0
0xba7e8bec65d0f190f302a2e2dbf2a43db0177183,0,0,0
0xa6e9c86b62eca2881752c5fee733a0c937a1de6d,0,0,0
0x3a03ae47de15019f4ae3ebb0f0a0784dc31b7fab,0,0,0
0x855a0dacade91fb9a165d9ac9371414b7afb020e,0,0,0
0x1487111c30fda630e1898143e10a6411099f1f0b,0,0,0
0x829fe618f4bdcd6cf4c9ce5163cfb28467e6d455,0,0,0
0x934b7e79500b3201393bff4def910cb562b0f8f2,0,0,0
0x86fd04660fdf96f0afaf2e0df609ba5f82bf66d3,0,0,0
0x347e609b64777713036434880b2bb77a06d6d0ed,0,0,0
0xcccd205451538064f6118352e31909952002d58f,0,0,0
0x8cec3833621ba9a419e733e054b070f27c1c57d8,0,0,0
0xa967b502ecac61026dd86a3aeefb57593a5ef8ad,0,0,0
0xc4e1806b74ad4b41f211fcaff253b50cd06fe40c,0,0,0
0x5ffd082b06a16f341dd18ffe2e5aa68975c5bd2b,0,0,0
0x8b1e44dd7591277a17f907ad8bc4a4ab0046f6c5,0,0,0
0x82e4f5661897655e532da1fddd3b9728b8926b3d,0,0,0
0x7d91ecdc96a54d79c70fe571d99b138fe434c6a0,0,0,0
0x5b754f4ecbbf0ce09e26669d88fe1e43de1b4a93,0,0,0
0xa78d59f05acf567e60f70b8bdae5c88825c5b3c1,0,0,0
0x73fec2da01a4c273fcb2466713df74ceec19ee94,0,0,0
0x6f98007e0b75e04b6eda767dcbffdf220da98e05,0,0,0
0x08f4caf0c65d63eb48c1315c2e1eaa19049ca68f,0,0,0
0x0029a9b2ea1e45e32fb6344b117388515858d040,0,0,0
0x6efd2441d8171d1d84da0d477dce61cd0d33b233,0,0,0
0x9a8baefb3556d0bc3e9ce05a68b9dfda83a2c430,0,0,0
0x33c95c5facc3a528e8128ed6f02d7cc839383c6b,0,0,0
0x9b6978c2fee2ea45f6e449b0e892d550b554d4bd,0,0,0
0x7003855810cff776d7fc478fef9524bf8e1a46d4,0,0,0
0xbc91457213e7db045b2a178b5e103a0deebdb60b,0,0,0
0x2e58d032594022c86f0ce84e6bb87d8123f44871,0,0,0
0x41fb95d55fb0b353a82814a876cd0beea2b29337,0,0,0
0x7988018915bcfea9a4e39734edb7ece1eda476c6,0,0,0
0xa156a6b5dea8848ad03569ba0af9ce3989b4aacc,0,0,0
0x888c8f1837fde040942a9cb4ac21edc976f59dcb,0,1,0
0x0599b69fc510ee7ad786501631616e8271548737,0,0,0
0xaa6b0f9dba58b44511ccfab5306bc1bcf1d417b0,0,0,0
0x3179710c08beea434a8bb4b0100d513e95edf3cb,0,0,0
0x04e3a85ccc9f84c6672668ef0968321bcabdfa00,0,0,0
0xbb183b135ec472709f5a2b6b6341e9b793c0e49d,0,0,0
0xc80efdc6cb63f41e97462f164fcbb3ae5b521eca,0,0,0
0x1620ed0089275b16363c6092b0cd172c00681836,0,0,0
0x4e200a5ad2479d2b7560dcb9347af98c13e0593a,0,0,0
0x5dc9ff3128a3c242b66fffe5999a33da3472e6a4,0,0,0
0xa273de9503303486422babe0c961e7bdd8835aaa,0,0,0
0x826565f9e7bfcf741f4a5df0ee85910114e0d7d7,0,0,0
0xc8b1b239f6b9e92e6b9e57b89815d393250c1d86,0,0,0
0x8b5f9ec4690b69197383b0511de356e8ca76b876,0,1,0
0xa85307b253f2ede0b7ff62a2f747b1483a6fce0a,0,0,0
0xca304101560054513d9a9d2413f5fce6176de068,0,0,0
0x0de7a351e3a7caac1e9c826e4e81c9e3983d95cd,0,0,0
0x7be69c8d030f6be0af97fbd33105fd7654eba423,0,0,0
0xa577a40e39f9775fd8a83380636ff4968f0b2039,0,0,0
0x94b1f4ad7e7bf23952ad830a4539d0dd54eaaaae,0,1,0
0x77703e9edc68fc55a25ef2626220ec10beb0d9fc,0,0,0
0x1a6797799a10773229b55941c1aa2246a7d206c5,0,1,0
0x86bd1b632ac1d753e56281eba01ffaee73a00a59,0,0,0
0x289bc0fb34a8cce8986b4540af3e5cea9730824c,0,1,0
0x2b931259cc84c8100216afcc448d1fc0f9716864,0,0,0
0x06c6f4f5b34375b1510c2123833385017ab66871,0,0,0
0xc257274276a4e539741ca11b590b9447b26a8051,0,0,0
0x59059b51183eb3d9d942198bd96ade0c84cd953a,0,0,0
0x4a29df8a7967b36664f256f18dacf2e58e9f1e7e,0,0,0
0x4bd1d31cead13d2f439165595aa7b8478f834bfe,0,0,0
0x12b99e4c44649dbb8727bb4ec3411c3a869362cb,0,0,0
0x2cf5060892a2134c969da21bbdfd2c40b768975a,0,0,0
0x51298115013699fa5e36f37d148c52ef13383c3a,0,0,0
0xafc4835bb58acc7291031d3c5527c896af1fadfc,0,0,0
0xa5578cf79d7bdbbbef691bc76c9af5abb30e6365,0,0,0
0x1852511024c763e01fcc979f35cee25400a3a269,0,0,0
0x0c5437b0b6906321cca17af681d59baf60afe7d6,0,0,0
0x4de70f14ae7e62e61a57957940a7a4c5ec6aaa93,0,0,0
0x11a386adc1742b921272d8a206972ea5c42bcc61,0,0,0
0x02605b528db3667cd34d3ca2f95b463ffcdab3a5,0,0,0
0x04349ba34e04d2d1666e8ef68d79a34077781eb8,0,0,0
0x3dffd8be5d7f0ba245b52a3d019572458db80319,0,0,0
0x6ddc8ac070575f784e84f554008521bc2d03667f,0,1,0
0xa3491b03aeba38c0c5b3a953449af3e0a03987d5,0,0,0
0x1f12236484a83f2dd2d20afb76a6cad7edfeada9,0,0,0
0x6f7991ac89156fd4cf0620e07a154498d6616b0a,0,1,0
0xb1b7bf21c63744c47100bb4ff513eff6379a559f,0,0,0
0x9299601eb26910ed929d7bbe6929bcc8645b9b17,0,0,0
0x329c00101eff1ced1f5e8600e5f946d0ac54fad7,0,0,0
0x473b91be39e306673f6f993ca06de91609096b02,0,0,0
0x39686173a2b1eba4ac6132bbcbf8173475cc591d,0,0,0
0x2091591fc8a3993bd46efb6405ecd8e14280feb3,0,0,0
0xaddf8349c955fc82e9549d397fd1b0a72a08b3bf,0,0,0
0x3444afbaead9b630bf0bdd3292b12223b7209fc7,0,0,0
0x3546316f7f85a18f814816863291720a6a39a60d,0,0,0
0x9c26000e299ce3898c08f9f4e7d3eb9801ae4ca2,0,0,0
0x3f51c804672ff1f70fc15833802ab4887d8be0cf,0,0,0
0x7196912d83e2c847ff9817d83d514ce75afb9f6f,0,1,0
0x75884d5ff079215788e5b90519b62889b15c613c,0,0,0
0x77899a51048d0a1340f0d48954e9d6716d4e8f5d,0,0,0
0x55bc851fb110042da5a7218b48d292f0c3ad27bb,0,0,0
0x75fafdbbe1b884d7b65b6e90d4f85956c4ca50cb,0,1,0
0x2d7b1f0ef743f6bccc5fd9217cfd6654ce5f7b4c,0,0,0
0x8b80c869143e8ce8817ac6e93a2520d976d4e70e,0,0,0
0x8109b58a0ab8ce4587dd8dd828fde1ed6ca5cb7f,0,0,0
0xa74d791b36dcfd794fb8127be1a39ca6d721a401,0,0,0
0x38d92ff9d212736a19486936ed8fd3e4e379e29a,0,0,0
0x2e0511667586e482fd6cf6d9baccd042adb2d98e,0,0,0
0xb3f9e9b8ead6e21642e7bba211b7832b3792417d,0,0,0
0xa91c194e282ec00176f0f703b6430dbad045bb6a,0,0,0
0x97ff4d3ed28b153b70763a1b0e8bbd51aac0db77,0,0,0
0x0690b9957bbc960f865f9262e4ba4f7a2db80bb4,0,1,0
0x352a3d9fde79fd356017ee05156f2959cbf76866,0,0,0
0x6573c2b19845dea1144d50cbe395a1b89f6161e0,0,0,0
0xba122942a354faab7d67ac30fb4f98ec4a9c808f,0,0,0
0x2c96541e9b20a12db90d1a5b3f7432d903c88838,0,0,0
0x0f75ece57dbcf9141f4eab2cc03909ed6838b512,0,0,0
0xb06a975d8bd2edbf9ce1482a06ce907c734c815e,0,0,0
0xa25d01f9661e6b9604adf7986ca733a844d6e5f2,0,0,0
0x63ea0776d1ece623827e6d401af231044a4ed1df,0,0,0
0xb90a82ec61627885eab72f4253939285ba40c91d,0,0,0
0x96b7d5cca93fdfefca5d8c24d59d019c970f20a7,0,0,0
0xad588af7a8c46ad55353570b52846ad4a5ed70e4,0,0,0
0x3d35e815a695cbae7e44b8d6d31feb8598f7e6dd,0,0,0
0x0ab6439b301f67e361a914fd937d95a4e5575edb,0,0,0
0xbe94caa3dc151157fe26b11583aa427f1a616412,0,1,0
0x4cf9e02635c551b3ab804367afb8824b9896c879,0,0,0
0x1bd871fd4e256dee2f10438cb3f3c563c8e104f1,0,0,0
0x18958b7ec1f0d8104cd9bbfb1b7a8e286c1ad960,0,0,0
0x41a47008ef6dcc1f3a477600dfb59cfb62d0251d,0,0,0
0x1062a747393198f70f71ec65a582423dba7e5ab3,0,0,0
0x316a553f5e96db3fe6c53b3507de93fc544063cb,0,0,0
0x1fd6267f0d86f62d88172b998390afee2a1f54b6,0,0,0
0x81ed30dd7facb45a1d6587b4e0341fbbfc69427a,0,0,0
0x4fafe0046ed724760864060c9e54f9c57b1f4eef,0,0,0
0x764243fc871b1f0f0c7163f259fe977e6b999eeb,0,0,0
0x8624362d704222f27766cf97aa2f11dde0b16282,0,0,0
0xb4ce2de09fd3469e8131a81cf9d436eaf86442f0,0,0,0
0x2e6e213bafd6f1bbf5aec519177b3562b76e36ac,0,0,0
0x3b1b157986b768e7005db272f388bb67ef8252bf,0,0,0
0x9285a6b79a604ac02a58b7cc182fae1bd3f81b6d,0,0,0
0x6c865d6839514b029c4ee53f8b7b3539476fb66c,0,1,0
0xa4a6f4dbb8dd9296fee103760885aef7b8959344,0,0,0
0x34cf0a3eedcbaacaecf240b55693d6bcb192e8a4,0,0,0
0x428cf082d321d435ff0e1f8a994e01f976f19c11,0,0,0
0x9a5030ce41d8087b0be00e7a8122f3b353907b74,0,0,0
0x336d2faa6416f2e8f60491271fc940d07ab25550,0,0,0
0x50c3178e6fba77fc446a36673557326d0ac37b5e,0,1,0
0x8ada3eb7c997fc7751f24c092eb2635c9bb55044,0,0,0
0x852291c385ee513467abed6dcee7f7ca125f1201,0,0,0
0xbbed58baf38ae17fc80293f72a068b5844f5ae52,0,0,0
0x1b239261d3bde413884bd4eafe859f786cee9a3b,0,0,0
0x82fd8d02d3d71092be56cf200c7233991807367e,0,0,0
0x74e35fbee610ee8b38c6908802dcfc818a8d508f,0,1,0
0x35ea42f703b3b87b400833bd5d425810392ac7fc,0,0,0
0x6c09143c85708c9a3a8e76ef355701b5554b5a8c,0,0,0
0xa3652127c547e2bf8fd61a84df08d670f3d01f8e,0,0,0
0x67720d9e73173512d74b253db02ce45f195d1ea5,0,1,0
0x156ad0af7d492f6241bb5646c080cca98f9a7308,0,0,0
0x1980994b2e1a3da76ff7b17156e74ed33d22bd85,0,1,0
0x9e5bae70e580067fae6e92d20548f879202f4856,0,0,0
0x3f93f9345de88a06cbda16cbbb457bdf3c5964cd,0,0,0
0x919f92eb8bb86c5c818d083ba4dc9ef3d381cc77,0,0,0
0x73aacdeb1bbaca83ef9dc0e7fe8800fd1f15650f,0,0,0
0x6ce2dd298d583cdc21d794c3e687217c9dabc205,0,0,0
0x54031d31ee0a869b4bfe263e241dc924e8f9b3e1,0,0,0
0x5b4bfb711c896bc40a7e72de993fe184a6b86a3a,0,0,0
0x07f36baecf3468d6eeb51ea049c484d16db8f5cf,0,0,0
0x7edc38dbb3418f8c79edc0e6fec601f7092baca9,0,0,0
0x4b36eff76b9982f4b802e3694054375eabae9566,0,0,0
0x254a716fda04213e3350bc9bcaf41c87062484be,0,0,0
0x183549a7143f29e7924e4ccf5a78e64ba05f16e5,0,0,0
0xa154fa361d3faa4e17a127277ff2666ca952c0da,0,0,0
0x1e90836a668636cb59c5813f6854f4d9c2c7dfff,0,0,0
0x7d8392a0aaeae2d979274dd82a79bf3685f3cf36,0,0,0
0x07b09637b5048abf9055a2eb5cc42943a401e236,0,0,0
0x1477ce6eb4f298f0085fe70c928ae4e36774caf2,0,0,0
0x90975638f8ea1547e100ed940253d81b958b2a7e,0,0,0
0xc3596235666f84cecf9bc110242dc41aaa72f97b,0,0,0
0x18d8a869dff0017c44879b304ea96d9c0eddbbe6,0,0,0
0x1e48ac1b55d9327642ab8c2b7afb563be5059a5d,0,0,0
0x65143ba82a515d9bac542c3b3ea493a0fd36fe30,0,0,0
0x02494bfc78c74a5aa1c5b7b92757f9f37b2dcc5f,0,1,0
0x10b0564cab2145b059ada59dccc445d867cfe650,0,0,0
0xa81628c2546c8c91d4b2b92172863dc60b8df07a,0,0,0
0x4e2d00892d3a0782f92114ca3058ea92e84cd6f1,0,0,0
0x37986c6b6f2962707e6921a3084cdefdd59b974e,0,0,0
0x006743c8992ca6d54c23fa3a745a4781b3817f0c,0,0,0
0x1714a6bc35230d6bc67d98baac13189a710528bd,0,0,0
0x536fef0b5ae77486a5795048a659d689cd787c36,0,0,0
0x0ce0f4b23fcd0a21e2ae3009c23854fc209ce938,0,0,0
0x8b9c185365271c1dad5fe5f023cd9cabbd26f3be,0,0,0
0xcc459bc4580eeab99b6d710c043da5a357f1d4f7,0,0,0
0x087396b991c6ce0c0f9812a88047bb97de91ae50,0,0,0
0x35c4032cf3738d09d11f8e297c78da325e1fb733,0,0,0
0xbf8109bb5bbe70abaad301523814fe30028c27f6,0,0,0
0x77a9291e0994b83a8b41b43580c0629f9eb3bbc2,0,0,0
0x60b33881b8bc80be7059922212bbbacddb24312d,0,0,0
0x6803d7849a3da62924efe3d88d420a5ea540ff87,0,0,0
0x655bcd5db11edf03a4a8460373222ff2e9b918b8,0,0,0
0x2fbee62d464b3243c85ffb6f437b8333cba92dc5,0,0,0
0x47ac56bb9b98b74cc2288f4e71d04ce3d66ed4a6,0,0,0
0x4faf494a7218e840553ce5cfd7a1785ba9b3bb5b,0,0,0
0x78efd7d9815fe9cfa1bd3a830a62fc3dff12175d,0,0,0
0x260e9014156149a320f8883f775d94c6f8fdd885,0,0,0
0x996130491d7695d6531ae8753ae5a2f96cfdc2df,0,0,0
0x3333fc7891d304d2f72984e5bb7eaba6338b1727,0,1,0
0x2823c232361d60383c5e1516272e4a4cb8c9d097,0,0,0
0x9821054e58ad073c92d604446a04793ccee5aff3,0,0,0
0x8e098ffa204a940c4615caad39477e8d0a8b0b28,0,0,0
0x8f6d76fafff1b424d0f20812f0798d920161c24d,0,0,0
0xc734d8d26a3ae1ca436de155c55f06f11bf4a962,0,0,0
0x78da42820395dcf9ed27ffa48668ecdb8d1d77a3,0,0,0
0xa5da57311bc233b112ab817c732804d2a4c0297c,0,0,0
0xad0256425178a39928178497f849c4ccd419080f,0,0,0
0x8aa31705fa6f0a7801e8d881ba4c47de23d2652a,0,0,0
0xc28a044d1bb3e422ef1aa3dcad8ab291e28a8af3,0,0,0
0x94c2ead36b4e3d1083cd91feec8b930272a223d8,0,0,0
0x3bc55508851a02d05dd9d5825071b492beeb1df9,0,0,0
0x9b473fddac15725840c278e22c33b579999ac713,0,0,0
0xb954c2ba6930e248fb92125b697edbfd5c8ff5ba,0,0,0
0xc5c1c58958899b52ec28f4900ad12927009ee2cd,0,0,0
0x45857089358bc54891067319e8c0b60a5a552bfe,0,0,0
0x2a545433cf383b631c5fec5535eb5e341bc71e64,0,0,0
0x7701a5ed0f0b3bf2705dc93491c975b7769d6c3b,0,0,0
0x29b613eab625c6830b2744133ae389b5d89ff8fd,0,0,0
0x50bac8ecb9e19b2b5747ff85859ae5b640f4bdb7,0,0,0
0x51b2afe8ed4ac233dd1c08edb3fe8869986636c3,0,0,0
0x3728eed5e5227a7b6d23142446b0f5d2f79a0719,0,0,0
0x6d9f661bdf9c125d736d355a1c347b63a1112143,0,0,0
0x09ceecfd79780010f78e77f68c46357539679741,0,0,0
0x96e58bcd85e8faa9a5955cc5d3ccaafba123ed2b,0,0,0
0xa7510c605b2fba1ecea5726934a3f7be4fd4d738,0,0,0
0x41c98270089262ee24e0be263a9d9dd3b48210c3,0,0,0
0x800275d48a96dea161a7b75570b247079c59d7dd,0,0,0
0x999b18cd8f81fd97aaee45b3ae9ca30a39f1987e,0,0,0
0x2a5f669cd5384487a3265a2199fdd9046dffd7cb,0,0,0
0x0cf6951e5d1b4622ffeb9bbe93ac4c9acfe5e482,0,0,0
0x3c1faf665b143a32230efd6ee836ae3c22e8f954,0,0,0
0x4e5439ab73c670c1d1945abde3b1007acdf98fab,0,0,0
0x7183f1a8a4f9429646fe8b6e22a4642e67f28ce2,0,0,0
0x409db01deb0039414193fcc12803850a9d6d9ae4,0,0,0
0x3ba825dd6a7a0c8ed88c366cf81fa0d605d417d2,0,0,0
0x9b762a85ce95740207065a766ed9b05d6a3eb0f5,0,0,0
0x9a2561fe4d758a88d39f2d581e470a97fab4cd2b,0,0,0
0x3d660da5128433d88ff473736d1bbc921ccb4461,0,0,0
0xa32aee644b0935a7e5f4a6330ee1337efee5973d,0,0,0
0x4fa34ecc059ae3e2abe0ee83a39b626d516ab159,0,0,0
0x3e36e06ba72645f9112a348fa236305f561cdcea,0,0,0
0x444dfdb5d74314013e70ef0c2a9eec23038eaab5,0,0,0
0xc4fd12b2aeb11f74a9ac995465b3d5f39a391d8a,0,0,0
0x2ccebb61f06c7ab2a453555b5c7bea4a7159d40d,0,0,0
0x1e4e7af7e29fca434024c8e4103f4785b7a72698,0,0,0
0x1c7ae6191fa64e91ba3812164e1c7ac6c4d87f28,0,0,0
0x202c7ef0e5361770ae9c823feea864b8fd695da3,0,0,0
0xcc6443b0f0a8cf107cb3350ebeae4b771158e652,0,1,0
0x9c93d2e2a54276d5cbbdced8eaa9397473ee4ff4,0,0,0
0x0e19b24c6091cbe271c08143e581d2ae7339f120,0,0,0
0x236ff4acfd680b8521e09c946182bad19f8db01f,0,0,0
0x69e77de30f93fc19e5d5c0bc5d1a8e5cd1c29f0c,0,0,0
0x63128b2f681e45f167100336a7d0b959c04caa17,0,0,0
0x91a7d50020bf1e82d3396a0ba20b22b3ac2608e6,0,0,0
0xacede3b287b06925a82871be0fcb90bc328a8ad0,0,1,0
0xc89c20d73ca84e3bbe59c83f3a3ff33d1ab74f83,0,0,0
0x3bcca5956ef09efebb5652acf3ad77ba2be2b04e,0,0,0
0xcb9ef13ba4bf6fb7c330d6a2c4367dee8c0d0f11,0,0,0
0x17f8c05df92859fc90ed3dab0ffd361f8c6a9ae0,0,0,0
0x0a92d47f7dbeda6d33e7fc46b51a91fd1b8af31c,0,0,0
0x887c7375f4f44e33f738aeb625d04acb161f52fe,0,0,0
0x96c1c614a1cf4bb240e573f3c7e716aa027eefa5,0,0,0
0xb3af36cee6df156cd14a3b132f6c205bef6a7297,0,1,0
0xaf98fd7cf0fcbc36c98724a809b0883bbe41b696,0,0,0
0x86aaef7ba1ecb84e4a3b7bd4ffa37084119f3ca1,0,0,0
0xbe6ac3a3f7605d34313d6693f69b772deacb105a,0,0,0
0x17cd461aa925a87c283e5c6c1bfa2052d11a78da,0,0,0
0x16c19171e9fc08c4eb7ef67f3d9d9dcc05d0795b,0,0,0
0x6d57fe045dcced8b289db59f66cd4354b6483d63,0,0,0
0x8f51d6c3672f0e09fbbafa2ad6ddbdf66ac9972f,0,0,0
0xb49f6b91161a92968544477645f388d4d5f1ffb9,0,0,0
0x8c78f1ee67ed97af4f26561dc57e3757e734d0eb,0,0,0
0x69ea6b31ef305d6b99bb2d4c9d99456fa108b02a,0,0,0
0x0d70f06f69251185e1f56772d8219e12610b5121,0,0,0
0x6bcb2b095cf4f265437887ffd0a35ddf87f36f59,0,0,0
0x0583c3c6f0d5f8c6f84b851700617d4e55bdc649,0,0,0
0xad0093de18be3d62b66531bd56d129e951c30330,0,0,0
0x13c104cc29d89c9f9a21b6405e66237826fe3b66,0,0,0
0x401af0ceb3d8eeee9c0b9175d42b7e17f4132a95,0,0,0
0x8ef93c6835568a35d232bfded23d48ad3ad6daf3,0,0,0
0xc9fe58068898a84b0b7088c9e1af4ce98375ee83,0,1,0
0xb2739b3f17273dc6812d3dd2be03457785031ecd,0,0,0
0x5c4069efa5b896d3d3df21fc68177e392786f283,0,0,0
0x036135c297ae0801c7a488e56aae98ce7f69b395,0,0,0
0x9f708351ca7b90e88de45a056ce992867f46e626,0,0,0
0xae72596d94c73c2870d83ba846da5680ae4a66d6,0,0,0
0xb3af604cbe0d4f823477f6cbdc1a3c7fe2ce1bee,0,0,0
0x739bd60b455320b81d50a939eeb5aa0110dbeaba,0,0,0
0x964694099e4e41a7fab676e3f5797f5adae92062,0,0,0
0x4109741cd532034a96d63a2256f8d499ca0574fc,0,0,0
0x80a57953f154363dab76f509ea70c6f08757d6d5,0,0,0
0x1212f12f7562a46bfde4af4b56dddf1e99379bd4,0,0,0
0x33524c90d527be55374fa7b5dce0047658f609a2,0,0,0
0xa4437edfdb0c25a71528d8d43c0383287d14842b,0,0,0
0x6e2822de17f7bec2e465e4d5be80c1de77f5bd40,0,0,0
0x4322a59651e40b1a666ebb34c4a10531bb20aaf5,0,0,0
0x47e617ad28368d0eed825a23b0a93d47553b9117,0,0,0
0x07d90d74403121e9c378a8fd4b849308d912d8fa,0,0,0
0x1e1f202f11cf7bcce0e96727c0dc076c9d05ca51,0,0,0
0x4b97b33a4b001e864027881458a15065c59c0a4d,0,0,0
0x2044a4e21c7cdf3bdee630c206e347d6f0af037b,0,1,0
0x4af029a788c66ef7a85256e50b54c15f19f23f18,0,0,0
0x9b1ab7aaf0091c83a13a92d8b1dcb683c213b72c,0,0,0
0x99f62b22dd1870a577e731d1723c0b95149bc6a2,0,0,0
0x0c431db1f1dbe2afce78cf755c9d464e85e9ef7f,0,1,0
0xc702ffb166390bd1f7f80daae4751ded27876896,0,0,0
0xc12c19e7cde4ec7b7a939882bff9ef53a8cc2aaf,0,0,0
0xa2151b49707e93190a10cdb3e844b3e72366e471,0,0,0
0x1d7e904a092fe0c86fca4d92332b3d01b57fce94,0,0,0
0xa13e3e73f18d5967eaf454aa8e736b894bff2e35,0,0,0
0x7f45a9273ef1a72bb5a50bc1ab1f52729cfb81f0,0,0,0
0xbe9724f7fc235f7e63c9a0dc04b95734ad55e1d0,0,0,0
0x51878d42f1e33c38399d2cbb8de21fef87c86ac7,0,0,0
0x2f4121c188142b888ba5c24447872856f372db5e,0,0,0
0x2244eb8629e2ee03d77b9184480524c0c811a33a,0,0,0
0x0155a63bc4cb378cb9b4dc10c8e777943bba9c2a,0,0,0
0x82cc0debe836a92dfa57ef08f191afb8cd13ecce,0,0,0
0xce227cc7780a66056b26f3ef1f7a34189a0be3ad,0,0,0
0x7606e7fd34129c6463580990883da8ce61592b8d,0,0,0
0xc9cd628fb67726c6bb19f58268b08e5d8a232aee,0,0,0
0xc06857c240c14d0f8b263d3fe60c80062a9ce9a2,0,0,0
0x9ba53c8f27c17ea1b6d8476bd70a0532ac6e8fcc,0,0,0
0x5aa91d371648d726d8888d92343bc75d1d4e8c60,0,0,0
0x6e43d8db8e07d36751700c4bbcd056b1233aec21,0,0,0
0x7c34c4cbbd0313edc351f4c1ee5a6211520868a3,0,0,0
0x1c90b1894c8825378d2799e62aaf31ec1ec971fd,0,0,0
0x2ba14bcb011ff3e780e05177f018e91db77a401b,0,0,0
0x94540fcffbfb4134ebe22faa9a4228eb726e8ded,0,0,0
0x3770880bc1ff7f3931afb7e137f5cde8d451e788,0,0,0
0xc3a5ffbb36315e4c00d27fb6a84ec6d7132a3055,0,0,0
0x4ae026178998c208069720097fe887ce7f724549,0,0,0
0xc76ec00c12a5ea704e9c1aab9bfd265d127d8243,0,0,0
0x939ad9433e8839baaedf3579d467891cf91a5013,0,0,0
0x816eb6108b4a54aea0ba4b53dff8aeb3f69b907d,0,0,0
0x0e3b73f338d57ebae3b594d236b07983a66734b7,0,0,0
0x6fd4c492e5d36d066cb3a37be7a27359887b0f35,0,0,0
0x9d8cfcfdc790b31ce772070569104b36a46c202c,0,1,0
0xc774aeb7509ff34533c6dcd9c8d12e016c1f1519,0,0,0
0x14d80cbdd45d6871cea392086c6e9bfaa129c9c7,0,0,0
0x511b09afa5fcdd401a2dd5f119de5444e17d6309,0,0,0
0x6c77195e75a212bf0be93fefe429bc0c2a51a0c9,0,0,0
0x43b898de395dff3370c25c67598a0c60a6876abf,0,0,0
0x87e8ef3aa3ace8159bf8493be33f70890f5f0cfd,0,0,0
0x28d76367063b8a9a195ccc86a9de8d43df01bd56,0,0,0
0x8779f1065244454e05d821dd5a11088b3e6e7b6e,0,0,0
0x523d68e588029f300da517c6cb85a81eea46f979,0,0,0
0x2a0aec06ca174c021b772b8daa33145f6d4da4c0,0,0,0
0x6ad91b2be95da4267ead16934c554b5febf6bff8,0,0,0
0x35672be75aac127edb9faa748dd483f2beafd16e,0,0,0
0x7437f6424d8747e0e7238e77d99793d395cb8267,0,0,0
0x4af57907e6631bc8fc32bfd08ec670e9a7d0c7f9,0,1,0
0x3c3f0e186c027e1dba2698e99c03fed70f30a12b,0,1,0
0x8c8d1170edec715723d0884775e78d9b3c35e32e,0,0,0
0x25e4a5bf604253be0981199a62bdc376e0d8e7fb,0,1,0
0x38c679cc7f12d73ab64240b0188e848544d4a7b8,0,0,0
0x85da42f86e3d9813fcfa1ed3bc608c5360d805df,0,0,0
0xb281067386840635038615c1b04f261876e22f95,0,0,0
0x91572ef4de9dc2f77a9098795e8766382e21459d,0,0,0
0x9442876117006b1d692c72e2763d4cb0b22d8459,0,0,0
0x018b9224ee3f8f362f553835d27da391fc5af9d9,0,0,0
0x2632f49872698c88d7493a45c6a41eef713088a9,0,0,0
0xca9a42ce40ef7ae1d9ba265de4e448313b710fc8,0,0,0
0xbaa348e17c8540b7fd4429a0f94714278b89f37b,0,0,0
0xb8bd5d165ea169cdbffc5906ddf82f76f3373dfa,0,0,0
0xa9f437bb92b9181ee2c642685789807456815c10,0,0,0
0xb21849aff5b8c774a2fac8f22d0eb5123092d231,0,0,0
0x0d32209cccd6f946643a7dcf59e7239ff58f6215,0,0,0
0xa55f3df00442114889b22dafbcc727997621aa6d,0,0,0
0x47311af6f03d8ece3a9ef2759225bd2f3e734cb1,0,0,0
0x706f23ce115835dd287ba674ce2cbd40c4e66b0c,0,0,0
0x215c4e9d915ada801d977c6fa07d1cb78b5b1218,0,0,0
0x603ebc3db75b96a4d3c89d25bd962afb2483150c,0,0,0
0x005cb96b96c8fe801f89500df6ee38dc5fa0081f,0,0,0
0x0cfbc6938e654e500fd46fdb8554086860b80dbd,0,0,0
0xc56840091b4ef73033a2c9c60b17bd37907727b1,0,0,0
0x4109d89edf4a49e30e64fc4e497433a8dc02260a,0,0,0
0x4aaacad3f493cfc8f67e227904043d47d958d9e1,0,0,0
0x6f713ca9fbea80fb20c6c26ee6ea1bad85fde485,0,0,0
0x00f8de11eada0ce48200cd7f2214082954a9fe44,0,0,0
0x8ccf068ff909042153ab895841d1af94ad126fb6,0,0,0
0x7038e2b36b1117c7c9ac36c511c1965bc14b2062,0,0,0
0x425c5cfa814823d5ecd0a92c418169c3066f9b52,0,0,0
0x8aa89b485b06020b83c8b8844d7b6ae4a1fb4158,0,0,0
0x35a344f3bbc856246dda2b72843fc8f70c38c678,0,0,0
0x5894ced8ab2c0aa4bed69b3a2f82f5b52f02a4e1,0,0,0
0xb2e0c4ef2248076ba39533487eb7a8aacbdac066,0,0,0
0x83dd70dfd6bdf0d735124cb24eddebdef5300845,0,0,0
0x7ccf390c9001533f9e744e57bb921d8d547f4a54,0,0,0
0x04ff2ba5884f8a52de19d0a76cb8f6f266754c6b,0,0,0
0x6e407b9814c0a825d1065f11e0e02fb4b572c3fa,0,0,0
0xa1c224479b3c36e434e6ce19543e1946f5e7f498,0,0,0
0x5b36a18ecfbc7f3e959c3e7750f89167720c5d38,0,0,0
0x4d2fa4070b2f16a1c50da9c52f26cdff5318ded2,0,0,0
0x68d688872c22eed4137b54fff9de150ce7589610,0,0,0
0x46fa7d1d95823c2b8bd05d3ca0ba23a2a8ef1e9d,0,0,0
0x189c12ab4b24247f6ac9730dd0abd216cd4ee985,0,0,0
0x33d4a71e82d18ab897e547d8ef19eaabf07d8d9a,0,0,0
0xa486cc4a3ede89180284ddbdf688041d5fbfba1e,0,0,0
0xbf551be868b5655c2c23d21ff4383550b5c26b07,0,0,0
0x346f118ead9871f1608ba9d737c1459f5a9dd2df,0,0,0
0x7ab6d71a6a4e9065913f8e8a0dec1f7436c58e7e,0,0,0
0x382afad8f70a91195bc227be97c5f137572f4056,0,0,0
0xa2b3768735814d4ffac8a2fa7babbe201a23a3cd,0,0,0
0x6772a37a5128e5ad10a0ebaa538dff60ccc7a98e,0,0,0
0x2abefe682049396d6b641a3f88c161bc01eafa3e,0,0,0
0xa2104c668915ac42d5ac32be7205175505ce5d25,0,0,0
0x183f5f2a106802d65c3cecefe437de1c8327efd8,0,0,0
0x08837961106b4761e9078a552b856c387d532f79,0,0,0
0x3e0673997ef2a2cdbeb29b33423a80a3724fcb31,0,0,0
0x553ad1e4aad6fdda3a7f0caa31585e31c3940fd9,0,0,0
0x12f195b9ac92f21419ec561f1f60202e440119f7,0,0,0
0x02a70f1f4449443fa36c14388479488d460007d7,0,0,0
0x33835f746c31ab95209c2f5eccf74f12688554a3,0,0,0
0x1327f665995bbffffca68f52ce61c25b0aff270c,0,0,0
0x51f1ab46d67ab77baf4600617113411336c078b2,0,0,0
0x9ece1f38a853bdd52a7307bcf8c2f803312ae175,0,0,0
0x8b4fa427607b4db63c9045e1173ca0b239108fee,0,0,0
0x161dc2b5518754144d4d8ad07eb33308ccc48f07,0,0,0
0x0a999f9fe5d93b27f53f63511b03d6b031088573,0,0,0
0x58cdd82d39b6c65b32e571f485b6815767010a18,0,0,0
0xaf1ca649465265084f91d4a4a67ad5fc17bb30e3,0,0,0
0x707c28721e1ffc7c3ccbac8f6ec9e3c2b9677830,0,0,0
0x31ff071eba19860b5cd4eda1ec958d6e1e4dfe82,0,0,0
0x83070f539e442539218ffa83c7b5817072988b45,0,0,0
0x175287c9b96c270978703c601171b9f1db7590d2,0,0,0
0x2f4a7f641eb6e2155945baeb1f4fc2298818e1f7,0,0,0
0x90a3e1fd530d28fce1f122df485eb6da09b79f03,0,0,0
0x156ef837ad5f2c3b98ac0b26666cccdd3bec981d,0,0,0
0x7fbf3f9484884eb7ed021baa5733f2b7caff8de0,0,0,0
0x8e38c629c3a396366ba9ec1a8058ccf45a81f298,0,0,0
0x5e313a3ead982f91432ef88689f91334c54a66e4,0,0,0
0x2edff394fbe0741cec52282fb4f6e8a95e77d1d6,0,0,0
0x0f4cc199a17b256d5499eb7d04557ae7390efee8,0,0,0
0x42574c6302dfa6ad543b45d83625421ef9982a1f,0,1,0
0x114cd064dd6dc1125552529f55fdafdfacd0821f,0,0,0
0x9782cb9446472dcb5ed4f37e9825c0f6660ffef9,0,0,0
0x30a99f2d0e829a600e862bf3aacdc82f9aa44987,0,1,0
0x3f20aac25b9b37c77c64bac91a10be2bce07e817,0,0,0
0x3442e29ddf468bc438d57b01fd0c2648d633f8e4,0,0,0
0x02d11dcf702df6b41d0b09acf7f9589000f99d99,0,0,0
0x001e6fbcd020823d3161df44bb5da6c34419eecb,0,0,0
0xa536a3973ce011f5f61026c89e8d44957ee4029b,0,0,0
0x1f89229190dd5db10df0d97640db0504942a244c,0,0,0
0xbdc32997ada2b0dda440d82b81daf97f3ff6b46c,0,0,0
0xb92ceada213952ca9c748b9428f07075a84d4578,0,0,0
0x7c31560552170ce96c4a7b018e93cddc19dc61b6,0,0,0
0xba35324cdea3f1df7469b53da02ec94654d0f01a,0,0,0
0x26051542a1b858b8dfb20d0a9c8e9f8a607d9fc7,0,0,0
0xc1b6bd01696b4cc2dbecc27c4a1bba62c2477ed5,0,0,0
0x0eb8b6672c42cb5c76c0bbb9e48ffd67334b68fc,0,0,0
0x526e91ddecea398d34fb24f9bed322267e034a34,0,0,0
0x15cb207676c76942f92867859824993d1ebf9c94,0,0,0
0x3783d70bf9d1d575107648ea5d173ba2ffe68b89,0,0,0
0x4f78109ec08e92cca635a08a38b6ae6893434e3a,0,0,0
0x51ac03d3400c868facda16389c8a3ca5cdb37b62,0,0,0
0x92b146271f0e0172f4f8ffe54a0cb7721dde0b6e,0,0,0
0x8d15c2d9ccab1740d12309bbc874adff315d1e79,0,0,0
0x72cf6e07cee6554f30ee6eda4244142a21468587,0,0,0
0x34b2763c8b429357181add14e6695e12cd988127,0,0,0
0x07ad5e18f915feca506f8ca258788bcd1910728a,0,0,0
0x9270b8d1661ea37a7d8feb52738657c56aed4ef8,0,0,0
0xb4346597d2d08e7785087cea5002c2901b5d8fb5,0,0,0
0x27dc430eb688c7917d031125f44f7069d29fb008,0,0,0
0xa3d414b16c4e08e2555241e15111fda6e364ea51,0,0,0
0x642e948603fbe3d8e4b9046ac8ac67bd3c094bde,0,0,0
0x19516af3a3da657e14b92a9926379ed567dbc2d0,0,1,0
0x36d3637516a869a81e64191532ebd83a35f3cd20,0,0,0
0x4daf9a3ece83965c5f4028babbffaed738edccc6,0,0,0
0x2021914cf1a54a6d65ebb93c811f00f1cc97ecc2,0,0,0
0x0b20bdf3838fdbe6a76ae9617f911a0da112fb93,0,0,0
0xa62043c5c2b6520bd9efdcdd2777633afd27c869,0,0,0
0x93d96cb70c09a39d42c97cd1fdf25dd3cc7308f3,0,0,0
0x377a232b7ae8b13fe00af8d21883389b5bedc934,0,0,0
0xab7deb42caea381effe58e2f669fdefd555db698,0,0,0
0x5db1ad48a991037c49e4d9fa57e90a07f40e87ed,0,0,0
0x093d9e8939330c3ea04650d919015b37f255d614,0,1,0
0xc266bea595a5b20989f86eb7f18792426d0f3cd1,0,0,0
0x05ac993b8ffb0bba70431edf96e339ababec91b5,0,0,0
0x09e3e189af728734c0daadbc13cdef42c7135595,0,0,0
0x037478bc69794a00324df3a4857c628016fde00f,0,0,0
0x344b4e61acc56f87f0ee1fec9763172cec8b7fd9,0,0,0
0x90e7b037f93a3ede8f9573442085c6e27ffa1cdf,0,0,0
0x3d09e44818309b475456febc122b758266e3cf23,0,0,0
0x6a955cfe6e5b8efe3dc2889ac3170a0c6cff151d,0,0,0
0xa68667a56e889ee52dfca1614db7078ff0aab82c,0,0,0
0x04560b79a30f52167722db9a46f256c05e0c9921,0,0,0
0x00038e6ba2fd5c09aedb96697c8d7b8fa6632e5e,0,0,0
0x685d18a2020daab0bf907b7ed7c5578d397ef479,0,0,0
0x7230fd57f1de4f913943e0f7c7bb952fb0a45888,0,0,0
